کارنامه سال,سهمیه,قبولی,رتبه سهمیه زیرگروه ۱,رتبه سهمیه زیرگروه ۲,رتبه سهمیه زیرگروه ۳,رتبه سهمیه زیرگروه ۴,معدل موثر,زبان انگلیسی,مجموعه ریاضیات,دروس تخصصی ۱,دروس تخصصی ۲,دروس تخصصی ۳,دروس تخصصی ۴,رتبه کشور زیرگروه ۱,رتبه کشور زیرگروه ۲,رتبه کشور زیرگروه ۳,رتبه کشور زیرگروه ۴,میانگین درصد ضریب ۱,میانگین درصد ضریب ۲,میانگین درصد ضریب ۳,میانگین درصد ضریب ۴
1404,0,هوش مصنوعی شریف,4,2,3,2,20.00,76.00,25.00,100.00,78.33,75.00,36.67,4,2,3,2,62.18,66.62,64.73,64.96
1404,0,نرم افزار شریف,6,5,7,6,19.67,96.00,38.33,53.33,81.67,38.33,60.00,7,5,8,6,58.62,61.07,57.18,60.07
1404,0,-,7,10,6,7,18.15,82.67,33.33,60.00,50.00,63.33,73.33,8,11,7,8,60.18,58.40,59.51,58.62
1404,0,هوش مصنوعی شریف,10,12,10,9,20.00,8.00,33.33,50.00,68.33,76.67,53.33,11,13,11,10,54.87,54.09,56.42,55.87
1404,0,هوش مصنوعی تهران بورسیه همراه اول,15,33,16,18,19.00,70.67,35.00,23.33,53.33,63.33,60.00,17,36,18,20,51.82,48.71,52.04,51.38
1404,0,بیوانفورماتیک شریف,21,21,26,25,17.00,49.33,55.00,60.00,46.67,41.67,53.33,23,23,29,27,50.51,51.29,49.73,50.07
1404,0,نرم افزار تهران,33,101,33,59,18.78,90.67,-3.32,23.33,18.33,81.67,80.00,37,111,37,64,50.05,42.05,50.16,45.93
1404,0,هوش مصنوعی تهران نوبت دوم,34,38,34,37,16.53,73.33,31.67,66.67,38.33,51.67,56.67,38,41,38,41,51.11,50.89,50.78,49.89
1404,0,-,37,36,32,29,18.08,60.00,23.33,40.00,68.33,60.00,40.00,41,39,36,31,48.78,49.33,50.11,50.67
1404,0,-,41,27,41,33,17.55,24.00,5.00,90.00,66.67,46.67,46.67,45,30,45,46,49.38,53.60,49.38,50.71
1404,0,-,43,43,49,51,20.00,12.00,0.00,76.67,41.67,50.00,65.00,47,47,53,55,46.69,46.91,45.69,45.13
1404,0,هوش مصنوعی تهران,44,44,37,39,20.00,4.00,11.67,56.67,56.67,63.33,46.67,48,48,41,43,45.82,46.05,46.93,46.49
1404,0,نرم افزار تهران,46,84,56,65,19.07,4.00,30.00,26.67,40.00,56.67,66.67,50,94,60,70,44.94,41.16,44.27,43.16
1404,0,هوش مصنوعی تهران نوبت دوم,48,67,65,59,19.31,40.00,16.67,30.00,50.00,45.00,63.33,52,74,69,64,44.78,42.89,43.56,43.89
1404,0,هوش مصنوعی تهران,49,42,64,44,18.55,96.00,35.00,33.33,60.00,26.67,46.67,53,45,68,48,45.29,46.62,43.96,46.18
1404,0,الگوریتم شریف,54,57,57,55,19.54,96.00,21.67,50.00,43.33,46.67,41.67,58,61,61,60,45.07,45.40,45.40,45.18
1404,0,هوش مصنوعی تهران نوبت دوم,55,50,47,54,19.73,100.00,30.00,66.67,35.00,51.67,31.67,59,54,51,59,45.34,46.56,46.67,45.56
1404,0,رایانش امن شریف,56,82,73,71,18.86,21.33,23.33,36.67,43.33,48.33,61.67,60,91,78,77,44.20,42.20,43.31,42.98
1404,0,هوش مصنوعی امیرکبیر,57,78,50,66,20.00,4.00,20.00,50.00,41.67,66.67,46.67,61,86,54,71,43.71,42.27,45.05,43.38
1404,0,معماری شریف,58,55,75,68,16.23,50.67,23.33,66.67,48.33,40.00,51.67,62,59,82,73,46.82,48.38,46.04,46.60
1404,0,هوش مصنوعی تهران نوبت دوم,59,96,81,75,19.16,66.67,23.33,16.67,46.67,43.33,58.33,63,106,88,81,43.33,40.78,42.33,42.56
1404,0,هوش مصنوعی شریف (سهمیه شاگرد اولی),60,53,67,71,20.00,0.00,13.33,90.00,38.33,48.33,48.33,64,57,72,77,44.00,46.11,44.00,43.33
1404,0,هوش مصنوعی امیرکبیر,64,91,72,89,18.09,66.67,0.00,63.33,30.00,58.33,58.33,68,101,77,97,46.11,44.55,46.11,44.22
1404,0,هوش مصنوعی تهران نوبت دوم,65,59,52,64,19.67,38.67,38.33,70.00,36.67,56.67,30.00,69,63,56,69,43.69,45.02,45.47,44.13
1404,0,الگوریتم تهران,66,58,61,63,18.84,88.00,38.33,56.67,41.67,45.00,31.67,70,62,65,68,44.31,45.76,45.20,44.98
1404,0,نرم افزار تهران,69,56,51,47,19.63,77.33,0.00,50.00,63.33,60.00,30.00,74,60,55,51,44.49,46.04,46.49,46.71
1404,0,هوش مصنوعی تهران نوبت دوم,71,60,55,56,17.90,57.33,18.33,60.00,53.33,60.00,31.67,77,64,59,61,45.38,46.82,47.27,46.82
1404,0,هوش مصنوعی تهران نوبت دوم,75,61,79,74,19.73,82.67,13.33,66.67,43.33,40.00,40.00,82,65,86,80,43.51,45.51,43.51,43.73
1404,0,نرم افزار تهران,80,99,90,95,20.00,30.67,28.33,40.00,35.00,38.33,58.33,88,109,98,104,41.38,39.93,40.04,39.82
1404,0,-,85,95,88,67,18.27,61.33,16.67,3.33,73.33,40.00,46.67,94,105,96,72,41.87,41.20,41.42,43.64
1404,0,هوش مصنوعی صنعتی اصفهان,86,64,103,83,17.59,38.67,0.00,40.00,26.67,8.33,30.00,943,777,"1,045",920,22.91,24.80,21.47,22.69
1404,0,هوش مصنوعی امیرکبیر,89,113,106,118,17.75,72.00,13.33,56.67,26.67,45.00,56.67,98,124,116,128,43.58,42.36,42.80,41.58
1404,0,نرم افزار تهران,91,100,87,96,18.62,44.00,16.67,50.00,41.67,48.33,46.67,100,110,95,105,42.27,42.05,42.38,41.93
1404,0,-,92,70,91,78,19.10,78.67,21.67,43.33,56.67,35.00,35.00,101,77,99,84,41.58,43.58,41.58,43.02
1404,0,نرم افزار تهران نوبت دوم,93,114,118,113,17.99,14.67,21.67,50.00,36.67,45.00,56.67,103,125,128,123,41.98,40.98,41.20,40.65
1404,0,رایانش امن شریف,101,112,110,107,19.47,68.00,-3.32,50.00,40.00,48.33,48.33,112,123,120,117,41.31,40.87,41.31,40.76
1404,0,هوش مصنوعی علم وصنعت,102,132,86,110,18.42,0.00,0.00,46.67,41.67,68.33,51.67,113,145,94,120,42.00,39.89,43.11,41.33
1404,0,بیوانفورماتیک شریف,106,85,100,94,19.99,37.33,13.33,63.33,46.67,45.00,35.00,117,95,109,103,40.38,42.38,41.04,41.16
1404,0,رایانش امن شریف,108,153,95,128,19.65,8.00,10.00,50.00,25.00,70.00,48.33,119,166,103,139,40.42,37.53,41.87,38.87
1404,0,معماری شریف,112,111,108,120,19.68,89.33,38.33,56.67,23.33,41.67,31.67,123,122,118,130,40.07,40.51,40.73,39.51
1404,0,شبکه‌های کامپیوتری تهران,113,155,120,136,17.17,20.00,0.00,50.00,31.67,65.00,56.67,124,168,131,148,42.45,39.78,43.00,40.78
1404,0,-,116,117,129,122,20.00,30.67,45.00,50.00,28.33,36.67,40.00,127,128,141,133,38.38,38.49,38.16,37.60
1404,0,-,117,175,112,143,17.85,68.00,15.00,40.00,21.67,63.33,48.33,128,189,122,155,41.75,38.42,42.75,39.98
1404,0,-,118,144,147,114,20.00,82.67,5.00,0.00,55.00,35.00,53.33,129,157,159,124,38.40,36.18,37.18,38.51
1404,0,نرم افزار امیرکبیر,119,164,124,144,17.54,0.00,0.00,50.00,33.33,63.33,58.33,130,177,136,156,41.55,39.00,41.89,39.89
1404,0,نرم افزار تهران نوبت دوم,120,135,134,126,18.64,5.33,0.00,50.00,41.67,51.67,55.00,131,148,146,137,40.36,39.36,40.13,39.47
1404,0,هوش مصنوعی امیرکبیر,122,147,174,151,18.43,0.00,8.33,36.67,40.00,33.33,70.00,133,160,187,164,39.33,37.56,36.89,37.33
1404,0,معماری شریف,126,240,144,198,18.49,82.67,-1.66,26.67,11.67,58.33,66.67,137,260,156,214,40.62,34.85,40.07,36.96
1404,0,معماری شریف,129,127,114,119,18.44,4.00,5.00,56.67,46.67,63.33,36.67,141,140,124,129,40.27,40.49,42.05,40.93
1404,0,معماری صنعتی شریف,134,150,125,132,19.84,96.00,-1.66,40.00,35.00,55.00,33.67,146,163,137,143,38.49,37.58,39.91,38.58
1404,0,رایانش امن شریف,135,154,130,135,19.15,80.00,3.33,40.00,35.00,56.67,38.33,147,167,142,147,39.67,38.33,40.89,39.44
1404,0,-,138,169,143,150,17.28,0.00,0.00,50.00,40.00,60.00,51.67,150,183,155,163,40.45,39.00,41.00,39.67
1404,0,شبکه‌های کامپیوتری تهران نوبت دوم,142,118,179,141,18.22,42.67,8.33,56.67,46.67,26.67,48.33,154,129,193,153,39.07,40.96,37.62,38.96
1404,0,هوش مصنوعی دانشگاه شیراز,143,97,153,98,15.18,76.00,6.67,66.67,58.33,33.33,45.00,155,107,166,108,45.18,48.29,44.40,46.07
1404,0,نرم افزار تهران,148,103,136,124,17.99,6.67,3.33,90.00,45.00,51.67,30.00,161,114,148,135,40.22,43.78,41.67,41.22
1404,0,الگوریتم تهران,150,119,132,104,17.88,0.00,36.67,36.67,61.67,48.33,23.33,163,131,144,114,38.00,39.78,39.67,40.56
1404,0,هوش مصنوعی امیرکبیر,155,177,141,175,19.60,76.00,23.33,50.00,21.67,53.33,30.00,171,191,153,188,37.84,37.07,39.40,37.29
1404,0,-,156,107,178,142,17.00,58.67,46.67,63.33,41.67,15.00,31.67,172,118,203,154,38.36,42.25,37.25,39.02
1404,0,نرم افزار امیرکبیر,157,227,122,171,16.37,0.00,11.67,40.00,31.67,85.00,38.33,173,247,134,184,40.44,37.00,43.56,40.00
1404,0,هوش مصنوعی شهید بهشتی,160,190,127,130,15.15,0.00,23.33,26.67,51.67,73.33,33.33,176,206,139,141,40.55,38.67,43.22,41.78
1404,0,هوش مصنوعی تهران نوبت دوم,162,120,170,134,18.98,0.00,30.00,53.33,50.00,33.33,33.33,178,132,183,145,36.66,39.11,36.66,37.78
1404,0,الگوریتم تهران,165,202,139,170,14.93,14.67,35.00,43.33,31.67,68.33,35.00,181,218,151,183,40.76,38.87,42.98,40.53
1404,0,-,170,199,172,182,17.95,76.00,8.33,33.33,35.00,48.33,41.67,186,215,185,196,38.40,36.95,38.84,37.95
1404,0,نرم افزار علم و صنعت,174,186,180,198,17.99,37.33,23.33,50.00,26.67,45.00,41.67,190,201,194,214,37.71,37.05,37.93,36.71
1404,0,-,176,195,207,190,20.00,0.00,41.67,23.33,36.67,30.00,45.00,192,211,223,206,34.00,33.00,33.00,33.45
1404,0,-,177,207,150,168,15.49,0.00,16.67,36.67,45.00,66.67,38.33,193,224,163,181,39.67,38.11,41.56,40.11
1404,0,معماری شریف,185,162,137,156,15.42,26.67,10.00,70.00,40.00,71.67,23.33,201,175,149,169,41.00,42.00,44.22,42.11
1404,0,-,186,174,184,171,19.23,0.00,-3.32,46.67,50.00,48.33,40.00,202,188,199,184,36.11,36.67,36.67,36.78
1404,0,هوش مصنوعی تربیت مدرس,187,206,160,180,19.21,32.00,35.00,33.33,31.67,53.33,28.33,203,223,173,194,35.80,34.69,37.47,36.02
1404,0,-,189,258,204,232,18.73,0.00,11.67,36.67,26.67,51.67,51.67,207,279,220,254,35.89,33.23,35.89,34.23
1404,0,شبکه‌های کامپیوتری امیرکبیر,194,308,244,266,17.28,17.33,8.33,30.00,23.33,45.00,63.33,212,331,261,286,36.82,33.15,35.60,34.15
1404,0,هوش مصنوعی امیرکبیر,195,106,221,139,16.28,94.67,51.67,50.00,56.67,3.33,20.00,213,117,238,151,37.20,42.76,36.09,39.65
1404,0,نرم افزار علم و صنعت,199,233,235,204,16.40,50.67,5.00,13.33,50.00,36.67,53.33,217,253,252,220,37.38,35.60,36.27,37.16
1404,0,شبکه‌های کامپیوتری شریف (سهمیه شاگرد اولی),203,256,342,248,19.67,41.33,28.33,0.00,36.67,5.00,66.67,221,277,368,267,32.65,30.31,28.53,30.65
1404,0,هوش مصنوعی خواجه نصیر نوبت دوم,205,316,277,317,18.17,74.67,5.00,36.67,8.33,35.00,65.00,223,341,297,343,36.53,32.87,34.53,32.76
1404,0,نرم افزار علم و صنعت,207,237,217,225,18.48,30.67,0.00,40.00,33.33,46.67,48.33,225,257,234,244,36.27,34.82,36.16,35.27
1404,0,نرم افزار شهید بهشتی,209,341,259,297,16.29,46.67,16.67,30.00,15.00,43.33,61.67,227,366,277,319,37.45,33.45,36.22,34.33
1404,0,الگوریتم دانشگاه تهران,210,222,241,226,18.66,85.33,21.67,30.00,28.33,28.33,43.33,228,241,258,245,35.46,34.58,34.46,34.46
1404,0,-,211,197,197,208,19.93,48.00,28.33,53.33,23.33,40.00,30.00,229,213,213,226,34.75,35.20,35.42,34.31
1404,0,-,213,209,178,193,20.00,16.00,13.33,43.33,36.67,56.67,28.33,231,227,191,209,34.84,34.51,36.73,35.40
1404,0,-,216,219,205,198,20.00,100.00,33.33,6.67,40.00,33.33,26.67,234,237,221,205,33.78,32.89,34.22,34.67
1404,0,-,218,277,286,263,15.94,70.67,0.00,30.00,31.67,31.67,61.67,236,298,307,283,37.82,35.71,35.82,35.82
1404,0,هوش مصنوعی شهید بهشتی,220,189,203,194,16.94,8.00,8.33,50.00,48.33,48.33,35.00,238,205,219,210,36.98,37.98,37.86,37.86
1404,0,هوش مصنوعی شهید بهشتی,222,191,156,183,17.89,4.00,10.00,60.00,41.67,68.33,20.00,240,207,169,197,36.93,37.82,40.16,38.38
1404,0,نرم افزار علم و صنعت,226,316,210,257,17.21,0.00,3.33,40.00,26.67,65.00,46.67,244,341,226,277,36.56,33.56,37.78,35.22
1404,0,نرم افزار علم و صنعت,227,272,238,247,16.66,28.00,3.33,40.00,33.33,48.33,48.33,245,293,255,266,36.86,35.31,36.86,35.86
1404,0,-,227,297,287,287,18.78,40.00,0.00,0.00,0.00,0.00,35.00,"2,111","2,640","2,640","2,598",12.00,9.67,9.67,9.67
1404,0,هوش مصنوعی علم و صنعت,228,134,282,188,19.19,33.33,40.00,50.00,51.67,5.00,28.33,246,147,303,204,33.11,37.67,31.56,34.67
1404,0,هوش مصنوعی تربیت مدرس,229,262,170,218,17.99,44.00,0.00,50.00,28.33,73.33,26.67,247,283,183,237,37.04,35.60,40.15,37.15
1404,0,هوش مصنوعی علم و صنعت,233,191,220,243,18.28,54.67,10.00,80.00,21.67,41.67,30.00,251,207,237,262,36.31,38.31,37.09,35.76
1404,0,معماری امیرکبیر,234,220,245,219,17.20,44.00,0.00,40.00,45.00,41.67,40.00,252,238,262,238,36.27,36.49,36.38,36.60
1404,0,-,237,310,210,290,18.79,32.00,0.00,60.00,11.67,63.33,40.00,255,330,226,312,35.80,33.69,37.36,33.91
1404,0,-,240,305,279,277,16.12,48.00,23.33,30.00,26.67,38.33,48.33,258,328,299,299,36.20,34.20,35.53,34.75
1404,0,نرم افزار علم و صنعت,242,211,262,191,17.00,66.67,0.00,10.00,61.67,30.00,33.33,260,229,280,207,33.00,33.56,32.78,34.89
1404,0,نرم افزار علم و صنعت,242,211,262,191,20.00,66.67,0.00,10.00,61.67,30.00,33.33,260,229,280,207,33.00,33.56,32.78,34.89
1404,0,-,243,208,202,211,19.89,52.00,18.33,53.33,31.67,46.67,20.00,261,226,218,230,34.02,35.24,35.80,34.80
1404,0,شبکه‌های کامپیوتری امیرکبیر,245,311,290,313,19.21,25.33,0.00,43.33,21.67,40.00,53.33,263,334,311,338,34.02,32.13,33.13,31.91
1404,0,هوش مصنوعی تربیت مدرس,247,291,252,265,17.70,66.67,0.00,40.00,28.33,46.67,41.67,265,313,271,285,35.89,34.56,36.22,35.00
1404,0,نرم افزار علم و صنعت,248,282,293,254,17.00,66.67,15.00,16.67,36.67,28.33,43.33,266,304,316,273,33.22,32.00,32.22,32.78
1404,0,هوش مصنوعی شهید بهشتی,249,201,296,242,19.39,78.67,0.00,50.00,38.33,21.67,38.33,267,217,319,261,34.13,36.02,33.02,34.13
1404,0,-,261,188,242,201,16.68,0.00,16.67,46.67,56.67,40.00,28.33,279,204,259,217,35.33,37.67,36.11,37.22
1404,0,نرم افزار شهید بهشتی,265,194,347,251,18.58,25.33,18.33,50.00,43.33,10.00,43.33,284,210,373,270,33.02,35.69,30.80,33.02
1404,0,هوش مصنوعی خواجه نصیر نوبت دوم,271,297,208,298,18.88,8.00,5.00,40.00,31.67,35.00,50.00,290,319,333,320,33.20,32.31,32.20,31.98
1404,0,شبکه‌های کامپیوتری تهران,272,322,303,344,19.83,12.00,0.00,50.00,18.33,40.00,51.67,291,347,328,371,32.91,31.36,32.13,30.69
1404,0,-,275,200,266,261,17.02,74.67,5.00,80.00,26.67,36.67,28.33,296,216,284,281,36.53,39.31,37.09,36.42
1404,0,هوش مصنوعی علم و صنعت,284,228,340,250,16.77,-2.66,18.33,36.67,51.67,23.33,43.33,307,248,366,269,33.71,35.16,32.38,34.27
1404,0,هوش مصنوعی خواجه نصیر,287,274,229,235,16.63,48.00,-1.66,36.67,46.67,56.67,26.67,310,295,246,254,35.65,35.65,37.65,36.98
1404,0,-,294,256,287,315,17.00,96.00,33.33,56.67,10.00,28.33,23.33,318,277,308,341,32.29,33.29,32.62,31.40
1404,0,شبکه‌های کامپیوتری علم و صنعت,295,318,413,383,18.58,89.33,10.00,36.67,20.00,11.67,53.33,320,343,446,414,32.73,32.18,29.96,30.51
1404,0,-,297,254,348,318,17.00,70.67,10.00,50.00,25.00,20.00,38.33,322,275,374,344,31.93,33.04,30.71,31.04
1404,0,-,307,287,302,307,18.27,89.33,0.00,50.00,26.67,36.67,33.33,332,309,327,331,34.18,34.62,34.40,33.73
1404,0,-,307,287,302,307,18.27,89.33,0.00,50.00,26.67,36.67,33.33,332,309,327,331,34.18,34.62,34.40,33.73
1404,0,-,309,344,307,279,15.87,8.00,3.33,23.33,48.33,46.67,43.33,334,369,332,301,34.64,33.42,34.87,34.98
1404,0,-,309,344,307,279,15.87,8.00,3.33,23.33,48.33,46.67,43.33,334,369,332,301,34.64,33.42,34.87,34.98
1404,0,هوش مصنوعی شیراز خودگردان,312,415,373,402,15.69,82.67,1.67,30.00,21.67,33.33,55.00,337,446,402,433,35.40,32.96,33.96,33.18
1404,0,هوش مصنوعی صنعتی اصفهان,314,334,323,330,20.00,46.67,5.00,46.00,25.00,36.67,38.33,339,359,349,357,32.47,32.20,32.36,31.58
1404,0,-,315,272,319,283,17.93,22.67,21.67,40.00,38.33,31.67,33.33,340,293,345,305,32.62,33.51,32.51,32.96
1404,0,-,315,272,319,283,17.93,22.67,21.67,40.00,38.33,31.67,33.33,340,293,345,305,32.62,33.51,32.51,32.96
1404,0,-,321,355,283,323,17.52,10.67,13.33,46.67,26.67,55.00,31.67,346,382,304,349,33.49,32.60,35.05,33.16
1404,0,-,323,306,300,286,19.83,16.00,0.00,40.00,40.00,45.00,30.00,348,329,324,308,31.40,31.73,32.40,32.07
1404,0,نرم افزار تربیت مدرس,324,298,326,327,20.00,85.33,0.00,50.00,25.00,33.33,30.00,349,320,352,353,32.02,32.80,32.24,31.69
1404,0,-,327,386,329,362,20.00,88.00,18.33,30.00,16.67,35.00,31.67,352,415,355,390,31.09,29.76,31.31,30.09
1404,0,-,330,407,344,415,19.19,53.33,0.00,50.00,11.67,43.33,41.67,355,438,370,447,32.33,30.78,32.44,30.33
1404,0,نرم افزار خوارزمی نوبت دوم,331,412,361,433,18.07,58.67,10.00,50.00,8.33,36.67,45.00,356,443,388,466,32.91,31.36,32.36,30.47
1404,0,شبکه‌های کامپیوتری علم و صنعت,332,373,376,419,17.00,96.00,1.67,50.00,13.33,30.00,43.33,357,401,405,451,33.51,32.84,32.62,31.51
1404,0,نرم افزار تربیت مدرس,347,383,298,334,18.94,90.67,0.00,36.67,25.00,50.00,25.00,373,411,322,361,32.60,31.71,34.27,32.60
1404,0,-,349,320,352,353,20.00,85.33,50.00,25.00,33.33,30.00,32.00,298,326,327,362,114.75,95.04,95.15,95.38
1404,0,-,352,295,329,274,17.99,0.00,23.33,33.33,48.33,36.67,25.00,379,317,355,296,31.22,32.55,32.00,32.78
1404,0,-,354,366,358,331,19.05,37.33,-1.66,26.67,40.00,36.67,36.67,381,394,385,358,30.94,30.49,30.94,31.16
1404,0,-,357,324,404,358,17.89,0.00,20.00,40.00,36.67,25.00,40.00,384,349,436,385,31.00,31.78,30.00,30.78
1404,0,هوش مصنوعی علم و صنعت (سهمیه شاگرد اولی),358,243,349,260,18.49,8.00,20.00,36.67,55.00,26.67,23.33,385,263,375,280,30.64,33.42,30.87,32.76
1404,0,-,364,251,419,341,18.61,86.67,16.67,50.00,33.33,10.00,30.00,392,272,453,368,31.33,34.22,30.00,31.56
1404,0,هوش مصنوعی خواجه نصیر,364,251,419,341,18.61,86.67,16.67,50.00,33.33,10.00,30.00,392,272,453,368,31.33,34.22,30.00,31.56
1404,0,هوش مصنوعی خواجه نصیر نوبت دوم,364,328,345,355,19.13,73.33,16.67,46.67,23.33,33.33,25.00,392,353,371,382,31.33,32.11,31.89,31.22
1404,0,علم داده ها تربیت مدرس,367,433,327,380,19.33,0.00,13.33,36.67,25.00,51.67,31.67,396,465,353,410,30.45,29.00,31.78,30.00
1404,0,شبکه‌های کامپیوتری علم و صنعت,369,410,383,414,14.95,62.67,23.33,40.00,21.67,35.00,38.33,398,441,412,446,34.18,33.40,33.96,33.07
1404,0,-,371,376,479,370,16.02,0.00,10.00,20.00,50.00,20.00,51.67,400,404,520,399,31.78,31.67,29.67,31.67
1404,0,هوش مصنوعی غیر انتفاعی خاتم,374,503,407,456,18.43,56.00,-1.66,23.33,16.67,41.67,48.33,403,546,440,492,31.18,27.85,30.73,29.07
1404,0,-,379,244,312,272,14.65,25.33,21.67,60.00,48.33,41.67,15.00,408,264,338,294,34.58,38.02,36.36,36.80
1404,0,-,380,546,389,413,17.04,0.00,0.00,0.00,38.33,51.67,50.00,409,595,420,445,31.33,27.11,31.44,30.56
1404,0,-,380,546,389,413,17.04,0.00,0.00,0.00,38.33,51.67,50.00,409,595,420,445,31.33,27.11,31.44,30.56
1404,0,-,383,497,500,515,20.00,66.67,11.67,23.33,8.33,18.33,55.00,412,540,545,563,29.11,26.33,26.67,26.00
1404,0,هوش مصنوعی الزهرا,386,349,356,378,18.24,20.00,28.33,50.00,25.00,36.67,25.00,415,375,382,408,30.78,31.67,31.56,30.78
1404,0,شبکه‌های کامپیوتری خواجه نصیر,388,668,351,503,15.93,100.00,20.00,6.67,0.00,60.00,41.67,418,734,377,550,33.33,27.00,34.56,30.56
1404,0,علم داده شهید بهشتی,390,367,408,348,15.66,48.00,8.33,26.67,46.67,31.67,35.00,420,395,441,375,32.87,33.31,32.65,33.65
1404,0,-,390,367,408,348,15.66,48.00,8.33,26.67,46.67,31.67,35.00,420,396,441,375,32.87,33.31,32.65,33.65
1404,0,هوش مصنوعی تهران نوبت دوم,398,472,387,424,17.51,70.67,8.33,23.33,25.00,41.67,35.00,439,511,416,555,31.60,29.71,32.04,30.93
1404,0,-,406,400,432,430,18.59,45.33,0.00,46.67,26.67,31.67,36.67,438,430,467,463,30.69,31.02,30.36,30.02
1404,0,هوش مصنوعی تربیت مدرس (سهمیه شاگرد اولی),407,371,390,333,19.45,16.00,5.00,23.33,48.33,35.00,28.33,439,399,421,360,29.06,29.62,29.51,30.40
1404,0,هوش مصنوعی خوارزمی,410,482,364,453,17.00,0.00,8.33,50.00,16.67,56.67,36.67,443,523,391,489,32.22,30.45,33.56,30.89
1404,0,-,413,459,436,388,17.34,54.67,11.67,3.33,43.33,31.67,36.67,446,498,472,419,30.42,28.98,30.09,30.87
1404,0,-,419,381,419,397,18.61,42.67,5.00,40.00,35.00,31.67,30.00,453,410,453,428,30.18,31.07,30.29,30.51
1404,0,نرم افزار علم و صنعت,423,221,447,287,20.00,18.67,33.33,40.00,56.67,5.00,15.00,457,239,484,309,27.36,32.47,26.69,30.13
1404,0,-,425,599,438,467,16.99,74.67,-1.66,6.67,23.33,45.00,45.00,459,655,475,508,31.31,27.31,31.31,29.87
1404,0,هوش مصنوعی خوارزمی,426,511,465,510,15.11,12.00,13.33,36.67,16.67,40.00,48.33,460,557,506,557,31.69,29.36,31.13,29.58
1404,0,-,427,474,444,458,17.77,0.00,0.00,40.00,26.67,41.67,43.33,461,513,481,495,30.56,29.33,30.45,29.45
1404,0,علم داده غیرانتفاعی خاتم,428,332,424,344,17.04,34.67,33.33,30.00,45.00,23.33,21.67,462,357,458,371,30.20,32.20,30.31,31.76
1404,0,معماری علم و صنعت,432,373,411,369,18.11,62.67,13.33,30.00,40.00,30.00,23.33,466,401,444,397,30.18,31.29,30.62,31.29
1404,0,هوش مصنوعی پردیس فارابی تهران,435,389,450,428,17.00,50.67,0.00,50.00,35.00,31.67,36.67,469,418,488,461,33.16,34.27,32.82,33.05
1404,0,نرم افزار خواجه نصیر نوبت دوم,440,426,421,401,15.41,8.00,0.00,36.67,45.00,43.33,35.00,475,458,455,432,32.42,32.64,32.98,33.09
1404,0,-,441,516,453,514,18.03,12.00,16.67,36.67,13.33,40.00,41.67,476,562,492,562,29.69,27.58,29.58,27.80
1404,0,هوش مصنوعی شیراز خودگردان,444,447,441,418,16.70,33.33,0.00,30.00,40.00,38.33,35.00,479,484,478,450,31.22,31.00,31.44,31.55
1404,0,-,446,466,360,432,16.45,4.00,0.00,50.00,28.33,60.00,28.33,481,505,387,465,32.15,31.49,34.27,32.15
1404,0,معماری علم و صنعت,451,480,385,427,18.99,84.00,20.00,20.00,23.33,41.67,20.00,487,521,414,460,29.27,28.04,30.71,29.49
1404,0,-,451,576,416,570,19.21,52.00,0.00,0.00,51.67,38.33,41.00,529,387,522,602,132.67,105.76,107.42,108.31
1404,0,هوش مصنوعی فردوسی مشهد,455,507,533,554,17.60,100.00,0.00,40.00,8.33,23.33,46.67,492,552,581,605,30.78,29.33,29.22,28.22
1404,0,نرم افزار خوارزمی,460,436,494,441,16.80,12.00,5.00,36.67,40.00,28.33,38.33,497,469,539,475,30.24,30.91,29.58,30.35
1404,0,هوش مصنوعی خوارزمی,463,492,400,478,16.46,0.00,0.00,53.33,21.67,56.67,33.33,500,534,432,522,31.67,30.67,33.22,30.89
1404,0,هوش مصنوعی گیلان-رشت نوبت دوم,465,414,480,424,17.37,94.67,23.33,26.67,33.33,20.00,23.33,502,445,521,456,29.87,30.98,29.64,30.53
1404,0,-,466,532,434,519,16.48,54.67,0.00,46.67,13.33,50.00,35.00,503,579,469,567,31.87,30.20,32.87,30.42
1404,0,نرم افزار خوارزمی,471,542,625,607,17.21,0.00,0.00,40.00,18.33,16.67,63.33,510,590,689,663,29.22,27.78,26.11,26.22
1404,0,-,472,472,523,457,15.58,36.00,20.00,20.00,30.00,41.67,33.33,511,511,549,497,30.96,29.29,31.51,30.73
1404,0,هوش مصنوعی خوارزمی,473,399,428,460,19.18,61.33,55.00,56.67,6.67,25.00,10.00,513,429,463,497,27.98,29.87,28.98,27.76
1404,0,شبکه‌های کامپیوتری خواجه نصیر نوبت دوم,482,502,530,515,17.09,0.00,0.00,36.67,30.00,33.33,45.00,525,545,578,563,29.56,28.78,28.78,28.56
1404,0,-,483,360,622,444,18.33,0.00,0.00,36.67,53.33,0.00,45.00,526,387,686,478,27.56,30.56,24.56,28.11
1404,0,-,484,663,500,577,16.66,61.33,23.33,13.33,8.33,40.00,41.67,527,729,545,629,29.75,25.75,29.64,27.53
1404,0,شبکه‌های کامپیوتری خواجه نصیر نوبت دوم,488,500,416,471,18.26,8.00,13.13,43.33,21.67,51.67,23.33,533,543,449,515,28.95,28.28,30.84,28.84
1404,0,-,491,416,525,431,14.86,18.67,33.33,30.00,45.00,20.00,28.33,536,447,572,464,30.24,32.02,29.69,31.35
1404,0,هوش مصنوعی شهید بهشتی,500,368,483,404,18.98,56.00,13.33,36.67,45.00,21.67,15.00,549,396,524,436,27.73,30.73,28.18,29.73
1404,0,معماری شهید بهشتی,501,428,432,409,19.74,40.00,1.67,36.67,41.67,40.00,13.33,550,460,467,441,27.67,29.33,29.45,29.56
1404,0,-,511,504,520,520,17.29,24.00,0.00,40.00,28.33,36.67,35.00,561,548,567,568,29.27,29.04,29.38,28.82
1404,0,هوش مصنوعی علم و صنعت,512,379,454,471,18.85,0.00,-1.66,86.67,23.33,40.00,18.33,562,407,493,515,28.89,32.33,30.33,29.22
1404,0,هوش مصنوعی فردوسی مشهد,512,463,511,498,18.07,45.33,11.67,46.67,25.00,28.33,26.67,562,502,558,544,28.58,29.69,28.69,28.47
1404,0,نرم افزار رازی کرمانشاه,515,461,546,463,15.73,60.00,-1.66,30.00,43.33,25.00,33.33,565,500,597,501,30.33,31.33,29.78,31.00
1404,0,-,516,711,405,527,16.60,16.00,15.00,10.00,18.33,70.00,28.33,566,787,437,575,29.62,24.95,32.40,28.95
1404,0,-,517,734,580,609,17.07,0.00,0.00,0.00,25.00,40.00,56.67,567,815,635,667,28.11,23.33,27.00,26.00
1404,0,-,518,543,458,202,18.27,0.00,0.00,40.00,26.67,51.67,28.33,568,592,498,548,28.56,27.67,30.11,28.45
1404,0,-,518,543,459,502,18.27,0.00,0.00,40.00,26.67,51.67,28.33,568,592,498,548,28.56,27.67,30.11,28.45
1404,0,-,519,639,648,674,18.41,45.33,-3.32,40.00,5.00,18.33,56.67,569,689,715,743,27.69,25.69,25.13,24.25
1404,0,-,529,357,572,498,17.65,0.00,10.00,76.67,31.67,15.00,28.33,581,384,627,544,28.44,32.78,27.56,28.67
1404,0,هوش مصنوعی فردوسی مشهد,534,430,563,483,16.78,0.00,18.33,50.00,38.33,20.00,28.33,587,462,616,528,28.33,31.00,27.78,29.00
1404,0,هوش مصنوعی مال اشتر,534,643,511,564,17.74,0.00,5.00,26.67,21.67,48.33,36.67,587,705,558,616,28.00,25.56,28.78,27.00
1404,0,جرم یابی دیجیتال تربیت مدرس,537,513,612,582,18.22,48.00,10.00,40.00,20.00,16.67,38.33,590,559,672,636,27.42,27.76,25.98,26.20
1404,0,-,540,634,514,573,17.00,10.67,8.33,33.33,18.33,46.67,33.33,593,693,561,625,28.15,26.26,29.04,27.15
1404,0,هوش مصنوعی صنعتی اصفهان نوبت دوم,544,424,540,465,19.40,0.00,0.00,53.33,40.00,26.67,23.33,597,456,589,504,26.67,29.55,26.89,27.78
1404,0,-,544,424,540,465,19.40,0.00,0.00,53.33,40.00,26.67,23.33,597,456,589,504,26.67,29.55,26.89,27.78
1404,0,-,551,513,653,534,19.77,69.33,26.67,6.67,31.67,1.67,33.33,605,559,720,583,24.62,24.85,22.51,24.51
1404,0,هوش مصنوعی گیلان,555,549,558,539,14.93,0.00,0.00,40.00,35.00,38.33,38.33,609,600,610,589,30.22,30.11,30.22,30.00
1404,0,نرم افزار خوارزمی,556,481,595,481,17.00,0.00,8.33,23.33,48.33,20.00,33.33,610,522,651,525,26.78,28.00,25.89,27.78
1404,0,-,557,479,500,506,17.82,28.00,15.00,50.00,26.67,36.67,18.33,611,520,545,553,28.09,29.53,29.31,28.65
1404,0,-,560,393,409,394,15.43,82.67,0.00,50.00,48.33,48.33,0.00,614,424,442,425,31.51,34.84,34.73,34.73
1404,0,-,560,394,409,394,15.43,82.67,0.00,50.00,48.33,48.33,0.00,614,424,442,425,31.51,34.84,34.73,34.73
1404,0,معماری شهید بهشتی,564,564,467,501,15.54,0.00,0.00,40.00,35.00,58.33,23.33,619,617,508,547,30.22,29.78,32.55,31.00
1404,0,-,568,624,633,634,16.61,57.33,0.00,36.67,15.00,23.33,43.33,623,680,698,699,27.93,26.93,26.60,26.04
1404,0,هوش مصنوعی ازاد واحد علوم و تحقیقات,576,681,619,619,15.36,64.00,0.00,13.33,25.00,31.67,45.00,632,752,683,680,29.38,26.82,28.49,28.04
1404,0,هوش مصنوعی خوارزمی,579,610,587,594,18.67,76.00,-1.66,30.00,20.00,28.33,31.67,636,666,642,649,26.96,26.29,26.73,26.18
1404,0,-,582,596,557,613,18.44,54.67,35.00,40.00,6.67,28.33,21.67,639,652,609,673,26.42,26.20,26.87,25.42
1404,0,نرم افزار تبریز,583,646,569,624,17.16,54.67,0.00,36.67,15.00,40.00,33.33,641,709,623,686,28.42,26.98,28.87,27.20
1404,0,-,586,629,492,492,19.48,94.67,0.00,3.33,33.33,43.33,16.67,632,687,537,538,26.53,24.98,28.31,27.64
1404,0,هوش مصنوعی الزهرا,587,637,470,586,17.95,38.67,0.00,50.00,11.67,60.00,18.33,646,697,511,641,28.47,27.36,31.24,28.02
1404,0,هوش مصنوعی صنعتی اصفهان نوبت دوم,588,635,645,678,17.73,16.00,0.00,50.00,11.67,28.33,43.33,647,694,712,747,27.29,26.62,26.29,25.18
1404,0,هوش مصنوعی اصفهان,590,644,497,540,18.97,64.00,0.00,2.00,25.00,50.00,18.33,649,706,542,590,0.00,0.00,0.00,0.00
1404,0,هوش مصنوعی مالک اشتر,604,684,584,658,19.25,0.00,5.00,36.67,11.67,41.67,35.00,664,755,639,725,25.56,23.67,26.00,24.00
1404,0,هوش مصنوعی الزهرا,613,567,616,578,16.18,0.00,0.00,40.00,36.67,31.67,33.33,675,620,680,632,27.89,28.67,27.78,28.11
1404,0,معماری تربیت مدرس,615,741,522,639,18.79,78.67,18.33,23.33,3.33,50.00,18.33,677,822,569,704,26.35,23.58,28.46,25.35
1404,0,-,616,576,601,608,18.83,70.67,11.67,40.00,18.33,25.00,21.67,678,632,660,666,26.05,26.82,26.27,25.82
1404,0,-,619,430,591,493,18.01,72.00,5.00,50.00,41.67,16.67,11.67,683,462,646,539,26.91,31.14,27.25,28.91
1404,0,-,626,626,628,629,18.96,0.00,10.00,40.00,21.67,30.00,30.00,693,684,692,693,25.00,25.11,25.00,24.45
1404,0,هوش مصنوعی تربیت مدرس,630,704,576,675,16.35,41.33,13.33,40.00,8.33,46.67,26.67,698,779,631,744,27.98,26.31,29.31,26.76
1404,0,هوش مصنوعی صنعتی مالک اشتر,632,653,650,785,18.76,16.00,0.00,46.67,13.33,31.67,35.00,700,716,717,755,25.62,25.18,25.40,24.18
1404,0,هوش مصنوعی الزهرا,636,547,663,615,17.00,9.33,0.00,50.00,28.33,23.33,28.33,704,596,730,676,25.18,26.95,24.84,25.18
1404,0,-,639,531,558,544,17.57,0.00,0.00,50.00,36.67,41.67,16.67,707,578,610,594,26.78,28.67,28.45,28.11
1404,0,نرم افزار فردوسی مشهد,643,616,656,650,17.95,1.33,10.00,50.00,20.00,28.33,30.00,712,672,723,717,25.75,26.53,25.64,25.09
1404,0,رایانش امن مالک اشتر,644,842,770,785,15.63,10.67,0.00,16.67,16.67,28.33,56.67,713,942,854,872,27.05,23.60,25.16,24.38
1404,0,-,645,483,726,615,19.57,53.33,21.67,46.67,26.67,-1.66,23.33,708,519,797,668,23.89,27.34,22.22,24.11
1404,0,رایانش امن مالک اشتر,647,831,636,754,15.91,82.67,3.33,26.67,3.33,41.67,36.67,717,926,703,839,28.29,25.07,28.62,26.07
1404,0,هوش مصنوعی تبریز,666,803,771,797,17.47,45.33,0.00,23.33,10.00,23.33,48.33,737,896,855,888,25.69,23.13,24.02,23.13
1404,0,نرم افزار الزهرا,676,676,764,734,19.32,25.33,0.00,40.00,15.00,16.67,40.00,748,745,847,816,24.02,23.91,22.47,22.36
1404,0,هوش مصنوعی تهران,680,667,756,790,17.00,0.00,3.33,63.33,8.33,23.33,41.67,753,733,838,881,26.33,26.78,25.11,24.11
1404,0,-,682,539,783,654,16.36,0.00,0.00,56.67,35.00,11.67,35.00,767,587,867,721,26.22,29.22,24.67,26.22
1404,0,-,682,605,737,646,15.35,84.00,0.00,36.67,31.67,15.00,30.00,755,661,818,711,27.82,29.38,26.82,27.93
1404,0,نرم افزار الزهرا,685,719,726,788,18.26,0.00,0.00,50.00,8.33,30.00,40.00,759,798,804,877,25.00,24.22,24.33,22.89
1404,0,-,687,692,835,730,16.13,56.00,0.00,26.67,25.00,10.00,45.00,761,763,929,812,26.29,26.07,23.96,24.96
1404,0,-,687,725,817,760,17.97,4.00,13.33,73.33,20.00,13.33,45.00,761,806,909,846,30.49,32.82,28.38,28.82
1404,0,هوش مصنوعی ازاد واحد علوم و تحقیقات,693,856,843,802,19.23,61.33,5.00,0.00,15.00,11.67,48.33,768,957,938,894,22.98,19.98,20.53,20.76
1404,0,معماری تربیت مدرس,699,729,434,673,14.66,29.33,0.00,76.67,0.00,88.33,3.33,774,810,469,742,30.73,29.73,36.40,30.51
1404,0,شبکه‌های کامپیوتری اصفهان,712,807,883,883,16.22,10.67,3.33,30.00,13.33,15.00,55.00,789,899,899,989,25.49,23.71,22.82,22.71
1404,0,نرم افزار علم و صنعت خودگردان,720,611,715,671,17.21,53.33,-3.32,50.00,26.67,21.67,23.33,798,667,791,739,25.67,27.78,25.56,25.89
1404,0,-,728,701,918,783,17.83,56.00,0.00,23.33,25.00,0.00,45.00,807,773,"1,034",870,23.84,24.07,20.84,22.51
1404,0,-,730,872,726,854,15.70,28.00,5.00,40.00,3.33,40.00,38.33,809,974,804,957,26.75,24.42,26.87,24.42
1404,0,هوش مصنوعی یزد,732,682,678,663,16.49,14.67,3.33,33.33,31.67,36.67,23.33,812,753,748,730,25.76,26.09,26.64,26.31
1404,0,-,733,857,686,769,17.53,0.00,0.00,26.67,16.67,45.00,33.33,813,958,760,855,24.78,22.45,25.56,23.67
1404,0,-,747,792,710,715,16.51,0.00,18.33,20.00,23.33,35.00,30.00,818,882,786,796,24.78,23.33,25.11,24.33
1404,0,شبکه‌های کامپیوتری دانشگاه اصفهان نوبت دوم,749,802,888,813,16.51,49.33,0.00,16.67,23.33,13.33,45.00,832,893,996,906,24.84,23.62,22.73,23.40
1404,0,هوش مصنوعی الزهرا,772,652,773,688,18.35,0.00,0.00,40.00,33.33,23.33,25.00,859,715,857,761,23.33,25.00,23.22,23.89
1404,0,رایانش امن شهید بهشتی خودگردان,774,848,913,840,15.89,82.67,5.00,10.00,20.00,10.00,43.33,861,949,"1,028",938,25.07,23.51,22.84,23.51
1404,0,معماری شهید بهشتی خودگردان,774,"1,044",621,856,19.46,8.00,0.00,26.67,-3.32,65.00,25.00,861,"1,178",685,961,23.09,18.65,25.76,21.20
1404,0,-,783,905,893,868,16.24,44.00,1.67,13.33,18.33,20.00,45.00,870,"1,017","1,005",975,24.60,22.38,22.93,22.82
1404,0,هوش مصنوعی خوارزمی,786,785,695,728,19.61,0.00,1.67,30.00,21.67,40.00,21.67,873,874,771,810,22.34,21.67,23.56,22.34
1404,0,-,792,814,684,774,17.83,0.00,0.00,40.00,16.67,46.67,23.33,879,906,757,860,24.22,23.33,25.78,23.78
1404,0,-,793,754,764,809,18.16,2.67,21.67,43.33,10.00,26.67,23.33,880,838,847,902,22.40,22.62,22.62,21.51
1404,0,-,799,879,759,813,16.82,6.67,0.00,26.67,20.00,40.00,31.67,888,983,842,906,24.45,22.78,25.00,23.67
1404,0,علم داده ها شیراز,801,743,967,850,16.31,0.00,0.00,36.67,26.67,6.67,46.67,890,824,"1,092",950,24.00,24.67,21.34,22.67
1404,0,-,804,724,681,681,17.99,94.67,30.00,40.00,5.00,30.00,5.00,893,805,805,753,23.98,24.64,25.64,23.98
1404,0,هوش مصنوعی الزهرا نوبت دوم,808,748,868,835,16.82,85.33,-1.66,40.00,15.00,15.00,30.00,898,830,967,933,24.80,25.47,23.80,23.80
1404,0,الگوریتم غیرانتفاعی خاتم,811,756,816,804,18.40,46.67,16.67,33.33,15.00,18.33,23.33,901,840,907,896,22.67,23.11,22.33,22.11
1404,0,هوش مصنوعی ازاد واحد تهران مرکزی,814,878,832,908,19.54,2.67,18.33,36.67,1.67,25.00,31.67,904,981,926,"1,018",21.29,20.07,20.85,19.29
1404,0,هوش مصنوعی صنعتی اصفهان,816,566,863,757,16.31,0.00,10.00,76.67,25.00,10.00,23.33,906,619,960,843,24.78,29.33,23.89,24.89
1404,0,هوش مصنوعی ازاد واحد علوم و تحقیقات,817,763,"1,001",755,16.92,0.00,8.33,0.00,46.67,0.00,43.33,907,847,"1,129",840,22.00,22.22,19.11,22.22
1404,0,-,827,761,787,828,15.81,64.00,3.33,50.00,13.33,30.00,21.67,920,845,872,924,25.82,26.60,26.38,25.27
1404,0,-,833,810,738,752,17.33,0.00,-1.66,30.00,28.33,41.67,21.67,926,902,819,837,23.56,23.22,24.89,24.00
1404,0,-,835,912,848,851,16.80,0.00,5.00,20.00,21.67,31.67,35.00,929,"1,026",943,954,23.33,21.67,23.11,22.45
1404,0,هوش مصنوعی تبریز نوبت دوم,848,963,824,899,19.38,57.33,-3.32,20.00,8.33,31.67,28.33,944,"1,082",917,"1,008",21.60,19.49,21.82,20.27
1404,0,-,853,869,915,930,18.86,36.00,0.00,36.67,10.00,18.33,33.33,953,971,"1,031","1,045",21.84,21.51,20.84,20.29
1404,0,شبکه‌های کامپیوتری فردوسی مشهد,858,"1,269",789,988,17.08,70.67,5.00,0.00,-1.66,50.00,31.67,958,"1,443",874,"1,112",23.49,17.94,24.71,21.27
1404,0,-,876,"1,078",906,967,15.37,0.00,0.00,16.67,16.67,36.67,41.67,982,"1,217","1,020","1,089",24.00,21.00,23.67,22.34
1404,0,-,876,"1,078",906,967,15.37,0.00,0.00,16.67,16.67,36.67,41.67,982,"1,217","1,020","1,089",24.00,21.00,23.67,22.34
1404,0,-,882,838,915,832,20.00,46.67,35.00,6.67,20.00,6.67,18.33,988,937,"1,031",929,18.89,19.00,18.11,19.00
1404,0,-,897,"1,037","1,055","1,110",15.96,53.33,8.33,30.00,0.00,13.33,45.00,"1,005","1,170","1,189","1,256",23.33,21.44,21.22,20.33
1404,0,-,900,957,962,"1,059",17.14,8.00,0.00,50.00,1.67,25.00,38.33,"1,009","1,076","1,085","1,196",22.76,21.98,21.87,20.31
1404,0,-,901,696,869,790,18.24,0.00,11.67,50.00,28.33,20.00,13.33,"1,010",767,968,881,21.44,24.44,21.89,22.44
1404,0,رایانش امن صنعتی اصفهان,908,"1,013",885,965,15.38,0.00,10.00,30.00,13.33,38.33,30.00,"1,021","1,145",993,"1,087",23.67,22.00,24.22,22.55
1404,0,شبکه‌های کامپیوتری فردوسی مشهد,916,"1,033",860,968,17.64,42.67,5.00,26.67,6.67,38.33,23.33,"1,030","1,166",957,"1,090",22.29,20.40,23.29,21.18
1404,0,-,921,953,972,851,17.10,0.00,-1.66,0.00,40.00,21.67,33.33,"1,035","1,072","1,098",954,21.00,20.00,20.22,21.45
1404,0,مردود,927,"1,150",894,"1,012",16.20,70.67,0.00,13.33,6.67,38.33,30.00,"1,041","1,301","1,006","1,141",23.49,20.27,24.04,21.93
1404,0,نرم افزار اصفهان نوبت دوم,929,865,875,876,15.82,58.67,0.00,36.67,21.67,30.00,18.33,"1,043",966,978,983,24.02,24.69,24.80,24.25
1404,0,-,939,791,958,917,17.59,28.00,-1.66,50.00,20.00,16.67,23.33,"1,057",881,"1,080","1,029",21.87,23.87,21.42,21.65
1404,0,نرم افزار تبریز (سهمیه شاگرد اولی),956,"1,143",973,"1,092",18.09,0.00,3.33,23.33,5.00,31.67,36.67,"1,076","1,294","1,099","1,235",20.67,18.00,20.33,18.56
1404,0,هوش مصنوعی بین المللی قزوین,979,909,"1,085",938,17.01,4.00,0.00,20.00,33.33,11.67,33.33,"1,102","1,021","1,221","1,053",20.82,21.38,19.38,20.82
1404,0,-,"1,000",941,"1,064",991,18.90,0.00,0.00,26.67,23.33,15.00,30.00,"1,123","1,059","1,199","1,115",19.22,19.56,18.22,18.78
1404,0,هوش مصنوعی خواجه نصیر مجازی,"1,013",893,"1,129","1,040",18.57,65.33,0.00,40.00,13.33,3.33,26.67,"1,139","1,000","1,271","1,171",20.13,21.69,18.58,19.24
1404,0,-,"1,041",992,"1,002","1,079",18.80,26.67,15.00,43.33,3.33,21.67,18.33,"1,174","1,119","1,130","1,220",19.44,19.89,19.67,18.44
1404,0,نرم افزار یزد,"1,045","1,112","1,281","1,157",17.42,65.33,0.00,10.00,15.00,0.00,41.67,"1,179","1,258","1,453","1,312",19.80,18.69,17.02,18.02
1404,0,-,"1,051",997,923,972,17.84,92.00,21.67,23.33,10.00,25.00,5.00,"1,185","1,125","1,040","1,094",20.47,20.69,21.80,20.80
1404,0,-,"1,059","1,331","1,048","1,169",17.00,4.00,-3.32,16.67,8.33,36.67,35.00,"1,154","1,514","1,182","1,328",20.38,17.27,20.49,18.60
1404,0,-,"1,069",976,"1,187","1,078",17.53,58.67,25.00,23.33,13.33,0.00,23.33,"1,204","1,096","1,341","1,219",19.24,20.13,17.69,18.58
1404,0,رایانش امن مالک اشتر نوبت دوم,"1,077","1,613","1,218","1,372",15.05,0.00,0.00,0.00,5.00,30.00,53.33,"1,212","1,847","1,378","1,558",21.22,16.00,19.67,18.00
1404,0,-,"1,079",986,990,"1,014",16.48,17.33,0.00,40.00,20.00,30.00,18.33,"1,214","1,111","1,116","1,143",21.38,22.15,22.15,21.49
1404,0,هوش مصنوعی دانشگاه آزاد واحد علوم تحقیقات تهران,"1,081",960,"1,189","1,097",19.00,96.00,16.67,26.67,8.33,-3.32,20.00,"1,216","1,079","1,343","1,240",18.51,19.74,16.96,17.74
1404,0,هوش مصنوعی گیلان-رشت نوبت دوم,"1,081",989,"1,117","1,098",19.00,96.00,16.67,26.67,8.33,-3.32,20.00,"1,216","1,115","1,259","1,241",18.51,19.74,16.96,17.74
1404,0,هوش مصنوعی تبریز نوبت دوم,"1,089",981,"1,061","1,130",18.33,53.33,13.33,50.00,0.00,16.67,16.67,"1,226","1,104","1,196","1,282",19.78,20.89,19.78,18.67
1404,0,قران کاوی شهید بهشتی,"1,094","1,181","1,097","1,144",17.42,4.00,0.00,23.33,13.33,28.33,30.00,"1,231","1,339","1,236","1,296",19.71,18.26,19.60,18.60
1404,0,نرم افزار صنعتی شیراز,"1,106","1,100","1,104","1,133",16.32,0.00,0.00,36.67,15.00,26.67,28.33,"1,243","1,243","1,244","1,285",20.78,20.56,20.67,19.89
1404,0,-,"1,110",967,"1,202","1,099",18.30,65.33,10.00,30.00,15.00,1.67,21.67,"1,249","1,087","1,360","1,242",18.80,20.25,17.47,18.36
1404,0,-,"1,116",968,"1,233","1,107",17.37,82.67,0.00,30.00,18.33,0.00,25.00,"1,257","1,088","1,298","1,253",19.84,21.40,18.18,19.40
1404,0,-,"1,121","1,275","1,092","1,181",17.68,14.67,15.00,16.67,6.67,28.33,25.00,"1,262","1,449","1,230","1,340",18.87,16.87,19.09,17.65
1404,0,-,"1,123",997,"1,117","1,057",17.32,0.00,1.67,36.67,23.33,20.00,21.67,"1,264","1,125","1,259","1,193",19.56,20.78,19.45,19.67
1404,0,-,"1,123",997,"1,117","1,057",17.32,0.00,1.67,36.67,23.33,20.00,21.67,"1,264","1,125","1,259","1,193",19.56,20.78,19.45,19.67
1404,0,-,"1,129","1,026","1,227","1,215",18.78,32.00,18.33,40.00,3.33,3.33,25.00,"1,271","1,158","1,388","1,382",17.91,18.91,16.46,16.46
1404,0,نرم افزار الزهرا,"1,149","1,119","1,101","1,132",19.69,45.33,0.00,26.67,10.00,21.67,18.33,"1,292","1,265","1,240","1,284",17.80,17.58,18.02,17.24
1404,0,هوش مصنوعی کاشان,"1,153","1,077","1,167","1,114",18.34,37.33,23.33,20.00,13.33,10.00,18.33,"1,296","1,215","1,320","1,261",17.82,18.15,17.26,17.49
1404,0,هوش مصنوعی کاشان,"1,158","1,462","1,106","1,265",17.50,4.00,25.00,6.67,1.67,31.67,26.67,"1,302","1,671","1,246","1,438",18.27,14.94,18.60,16.60
1404,0,-,"1,182","1,234","1,170","1,176",19.82,0.00,0.00,16.67,15.00,23.33,25.00,"1,331","1,404","1,323","1,335",16.56,15.44,16.44,15.89
1404,0,-,"1,184","1,128","1,182","1,240",18.11,0.00,10.00,40.00,6.67,20.00,23.33,"1,335","1,277","1,336","1,408",18.22,18.44,18.00,17.11
1404,0,هوش مصنوعی سمنان,"1,193","1,068","1,142","1,160",16.19,41.33,20.00,40.00,8.33,18.33,15.00,"1,345","1,205","1,292","1,316",20.09,21.09,20.31,19.64
1404,0,نرم افزار بین المللی خمینی قزوین,"1,193","1,277","1,081","1,160",17.29,33.33,13.33,16.67,10.00,31.67,16.67,"1,345","1,452","1,217","1,316",19.00,17.56,20.00,18.56
1404,0,هوش مصنوعی سمنان,"1,204","1,021","1,386","1,232",16.09,38.67,-1.66,40.00,18.33,0.00,31.67,"1,357","1,153","1,570","1,399",19.80,21.58,17.69,18.91
1404,0,هوش مصنوعی بوعلی سینا همدان نوبت دوم,"1,205","1,201","1,145","1,211",19.63,0.00,-1.66,30.00,10.00,26.67,21.67,"1,358","1,362","1,295","1,378",16.89,16.34,17.22,16.11
1404,0,-,"1,218","1,362","1,153","1,202",16.21,6.67,1.67,13.33,18.33,33.33,25.00,"1,378","1,550","1,306","1,365",19.44,17.67,20.00,19.00
1404,0,-,"1,248","1,021","1,195","1,176",16.80,53.33,0.00,50.00,13.33,16.67,13.33,"1,415","1,153","1,350","1,335",19.78,22.00,20.00,19.78
1404,0,هوش مصنوعی علم و فرهنگ تهران غیرانتفاعی,"1,250","1,157","1,493","1,254",17.23,69.33,5.00,10.00,21.67,-6.66,30.00,"1,418","1,308","1,694","1,423",17.62,18.18,15.18,17.07
1404,0,-,"1,256","1,323","1,256","1,315",17.62,78.67,10.00,16.67,5.00,15.00,20.00,"1,426","1,503","1,424","1,490",18.13,17.25,17.80,17.13
1404,0,معماری امیرکبیر,"1,263","1,237","1,297","1,292",18.93,30.67,18.33,20.00,8.33,10.00,20.00,"1,434","1,407","1,470","1,466",16.15,16.04,15.49,15.38
1404,0,هوش مصنوعی ازاد واحد علوم و تحقیقات,"1,266","1,111","1,310","1,204",17.00,10.67,-1.66,30.00,23.33,11.67,23.33,"1,437","1,257","1,487","1,368",17.71,18.93,16.93,17.71
1404,0,-,"1,267","1,025","1,063","1,102",19.37,16.00,8.33,46.67,15.00,28.33,0.00,"1,439","1,157","1,198","1,245",17.07,19.29,18.95,18.07
1404,0,-,"1,268","1,398","1,560","1,473",13.96,21.33,1.67,20.00,13.33,6.67,45.00,"1,440","1,593","1,766","1,671",20.31,19.09,17.76,18.20
1404,0,-,"1,275","1,138","1,417","1,274",17.19,0.00,0.00,30.00,21.67,6.67,30.00,"1,448","1,289","1,605","1,448",17.67,18.67,16.11,17.11
1404,0,شبکه‌های کامپیوتری خواجه نصیر مجازی,"1,277","1,221","1,364","1,289",17.00,26.67,8.33,20.00,15.00,8.33,25.00,"1,450","1,389","1,548","1,463",16.89,17.00,15.78,16.22
1404,0,-,"1,294","1,214","1,244","1,297",15.86,0.00,-1.66,40.00,15.00,25.00,23.33,"1,469","1,381","1,412","1,471",19.33,19.78,19.44,18.78
1404,0,-,"1,295","1,166","1,392","1,218",18.37,56.00,10.00,10.00,21.67,1.67,20.00,"1,470","1,321","1,577","1,385",16.40,17.07,15.18,16.51
1404,0,-,"1,300","1,520","1,497","1,471",17.34,56.00,16.67,0.00,5.00,5.00,33.33,"1,476","1,737","1,699","1,679",16.84,14.62,14.96,14.96
1404,0,هوش مصنوعی چمران اهواز,"1,303","1,218","1,283","1,283",17.00,0.00,0.00,36.67,15.00,21.67,23.33,"1,480","1,386","1,386","1,455",18.44,18.89,18.33,17.89
1404,0,هوش مصنوعی بین المللی قزوین,"1,306","1,259","1,419","1,311",18.73,44.00,3.33,13.33,16.67,5.00,25.00,"1,483","1,431","1,607","1,486",16.16,16.16,14.82,15.60
1404,0,هوش مصنوعی نوشیروانی بابل نوبت دوم,"1,318","1,151","1,377","1,276",17.56,58.67,8.33,26.67,15.00,5.00,18.33,"1,498","1,302","1,561","1,450",17.47,18.69,16.58,17.24
1404,0,-,"1,324","1,366","1,443","1,387",18.18,57.33,11.67,10.00,10.00,5.00,25.00,"1,505","1,557","1,632","1,574",16.38,15.71,15.04,15.38
1404,0,-,"1,332","1,466","1,628","1,427",17.69,28.00,13.33,-6.66,18.33,-3.32,36.67,"1,514","1,675","1,854","1,625",15.54,14.09,12.87,14.31
1404,0,-,"1,336","1,364","1,138","1,277",19.79,90.67,23.33,16.67,-3.32,25.00,0.00,"1,518","1,553","1,285","1,451",15.71,14.94,17.38,15.49
1404,0,-,"1,344","1,434","1,293","1,353",19.73,29.33,0.00,13.33,10.00,21.67,20.00,"1,528","1,640","1,465","1,538",15.40,14.18,15.51,14.73
1404,0,نرم افزار یزد,"1,351","1,731","1,228","1,401",17.88,0.00,0.00,0.00,11.67,38.33,25.00,"1,535","1,981","1,389","1,590",16.67,13.22,17.56,15.78
1404,0,-,"1,359","1,131","1,356","1,314",18.69,32.00,0.00,40.00,13.33,10.00,16.67,"1,543","1,280","1,538","1,489",16.58,18.36,16.13,16.36
1404,0,-,"1,362","1,956","1,309","1,623",16.59,0.00,0.00,10.00,-3.32,38.33,35.00,"1,546","2,245","1,486","1,850",17.67,13.23,17.89,15.11
1404,0,شبکه‌های کامپیوتری تبریز نوبت دوم,"1,364","1,373","1,381","1,265",18.73,73.33,1.67,-3.32,21.67,10.00,18.33,"1,548","1,565","1,565","1,438",15.89,15.23,15.34,16.11
1404,0,-,"1,366","1,234","1,492","1,452",15.67,46.67,3.33,40.00,8.33,6.67,26.67,"1,550","1,404","1,693","1,656",19.00,20.00,17.67,17.78
1404,0,-,"1,368","1,031","1,205","1,105",16.71,41.33,0.00,36.67,30.00,20.00,3.33,"1,552","1,164","1,363","1,250",18.53,21.42,19.64,20.31
1404,0,هوش مصنوعی بوعلی سینا همدان,"1,370","1,163","1,560","1,350",15.89,36.00,0.00,30.00,21.67,0.00,28.33,"1,554","1,317","1,766","1,535",18.29,19.84,16.40,17.84
1404,0,معماری علم و صنعت,"1,386","1,772","1,072","1,312",16.77,0.00,0.00,0.00,10.00,33.33,10.53,"1,592","2,040","1,230","1,511",11.47,9.22,12.99,11.44
1404,0,-,"1,407","2,040","1,529","1,739",17.80,29.33,3.33,0.00,-6.66,21.67,38.33,"1,591","2,341","1,733","1,989",15.62,11.18,14.51,12.62
1404,0,هوش مصنوعی علوم پایه زنجان,"1,423","1,410","1,671","1,403",14.03,34.67,11.67,0.00,28.33,0.00,33.33,"1,610","1,612","1,906","1,592",18.42,18.09,16.20,18.09
1404,0,معماری اصفهان,"1,439","1,694","1,388","1,466",17.39,4.00,3.33,3.33,13.33,28.33,25.00,"1,634","1,940","1,573","1,674",16.15,13.71,16.38,15.38
1404,0,رایانش امن شاهد تهران,"1,442","1,940","1,581","1,669",15.01,8.00,5.00,0.00,8.33,21.67,40.00,"1,637","2,227","1,792","1,903",17.87,14.31,16.64,15.76
1404,0,هوش مصنوعی سمنان,"1,445","1,620","1,384","1,530",18.29,17.33,6.67,16.67,3.33,25.00,21.67,"1,640","1,854","1,568","1,746",15.71,13.93,15.93,14.49
1404,0,هوش مصنوعی علوم پایه زنجان,"1,448","1,279","1,352","1,407",19.72,8.00,8.33,36.67,8.33,16.67,11.67,"1,643","1,454","1,533","1,599",14.65,15.76,14.98,14.42
1404,0,-,"1,463","1,314","1,655","1,659",17.00,52.00,15.00,46.67,-6.66,-3.32,25.00,"1,659","1,493","1,887","1,893",16.36,17.58,14.47,14.25
1404,0,-,"1,463","2,044","1,701","1,800",16.38,0.00,0.00,0.00,5.00,16.67,45.00,"1,559","2,346","1,941","1,958",16.33,12.56,14.45,13.67
1404,0,-,"1,469","1,381","1,412","1,297",15.86,0.00,-1.66,40.00,15.00,25.00,23.33,"1,623","1,630","1,718","1,471",19.33,19.78,19.44,18.78
1404,0,شبکه‌های کامپیوتری بوعلی سینا همدان,"1,475","1,557","1,583","1,409",17.81,20.00,3.33,-10.00,26.67,10.00,26.67,"1,672","1,779","1,795","1,602",14.89,13.56,13.78,14.89
1404,0,-,"1,486","1,445","1,182","1,346",19.24,0.00,3.33,30.00,10.00,40.00,3.33,"1,684","1,652","1,336","1,528",15.33,15.11,17.78,15.78
1404,0,-,"1,494","1,513","1,737","1,644",17.97,25.33,5.00,20.00,6.67,1.67,31.67,"1,695","1,730","1,985","1,876",15.14,14.69,13.14,13.47
1404,0,-,"1,502","1,818","1,541","1,608",16.35,84.00,13.33,-3.32,3.33,15.00,23.33,"1,703","2,087","1,745","1,832",16.82,14.27,16.27,15.49
1404,0,-,"1,506","1,390","1,722","1,592",17.00,0.00,15.00,30.00,10.00,0.00,28.33,"1,707","1,584","1,966","1,815",15.55,16.33,13.67,14.33
1404,0,معماری تبریز,"1,512","1,885","1,461","1,709",17.56,0.00,5.00,16.67,-1.66,30.00,26.67,"1,715","2,165","1,653","1,950",15.67,12.89,15.89,13.78
1404,0,-,"1,523","1,691","1,427","1,443",15.53,46.67,8.33,-3.32,18.33,25.00,18.33,"1,732","1,936","1,615","1,666",17.33,15.45,17.78,17.33
1404,0,-,"1,524","1,606","1,514","1,460",17.00,0.00,1.67,6.67,23.33,23.33,25.00,"1,733","1,838","1,717","1,667",17.11,15.89,17.00,17.00
1404,0,-,"1,536","1,520","1,172","1,340",16.29,4.00,0.00,26.67,16.67,48.33,3.33,"1,746","1,737","1,325","1,520",17.71,17.16,20.71,18.60
1404,0,-,"1,536","1,740","1,771","1,880",17.05,16.00,0.00,26.67,-3.32,10.00,36.67,"1,746","1,990","2,023","2,153",15.74,14.18,13.96,13.07
1404,0,-,"1,539","1,660","1,446","1,588",19.88,0.00,3.33,20.00,3.33,25.00,18.33,"1,749","1,901","1,635","1,811",13.66,12.33,14.11,12.66
1404,0,-,"1,542","1,851","1,816","1,820",17.00,6.67,3.33,10.00,6.67,10.00,40.00,"1,753","2,123","2,076","2,080",16.22,14.00,14.22,14.00
1404,0,هوش مصنوعی علوم پایه زنجان,"1,546","1,358","1,713","1,607",18.29,16.00,6.67,36.67,8.33,0.00,23.33,"1,760","1,545","1,956","1,831",14.73,16.18,13.18,13.73
1404,0,-,"1,546","1,360","1,348","1,333",18.29,40.00,10.00,20.00,18.33,20.00,3.33,"1,760","1,548","1,529","1,510",15.22,16.22,16.33,16.22
1404,0,-,"1,554","2,101","1,378","1,662",17.00,20.00,-1.66,10.00,5.00,43.33,25.00,"1,769","2,411","1,562","1,896",18.78,15.22,20.00,17.44
1404,0,هوش مصنوعی رازی-کرمانشاه,"1,572",928,"1,472","1,224",15.07,18.67,26.67,60.00,28.33,0.00,-5.00,"1,789","1,045","1,669","1,391",17.13,23.36,17.47,19.36
1404,0,-,"1,575","1,197","1,501","1,188",19.31,70.67,13.33,0.00,35.00,0.00,0.00,"1,793","1,358","1,703","1,348",13.49,15.82,13.49,15.82
1404,0,هوش مصنوعی شیراز خودگردان,"1,578","1,606","1,735","1,597",17.00,10.67,5.00,13.33,20.00,11.67,31.67,"1,796","1,838","1,983","1,821",17.93,17.27,16.60,17.16
1404,0,شبکه‌های کامپیوتری صنعتی سهند,"1,592","2,191","1,517","1,729",16.90,14.67,0.00,0.00,5.00,33.33,26.67,"1,816","2,511","1,720","1,977",15.76,12.09,16.20,14.31
1404,0,هوش مصنوعی صنعتی شاهرود,"1,593","1,053","1,457","1,396",20.00,17.33,-1.66,66.67,13.33,8.33,0.00,"1,817","1,188","1,648","1,585",14.16,18.93,14.71,15.04
1404,0,-,"1,616","1,640","1,240","1,329",19.12,34.67,0.00,0.00,21.67,38.33,0.00,"1,844","1,878","1,407","1,506",14.31,13.20,16.87,15.76
1404,0,-,"1,621","1,402","1,566","1,461",17.08,50.67,13.33,20.00,16.67,8.33,10.00,"1,849","1,599","1,773","1,668",15.49,16.71,15.38,15.93
1404,0,-,"1,653","2,035","2,125","1,996",17.16,13.33,0.00,0.00,8.33,0.00,43.33,"1,887","2,336","2,428","2,285",14.11,11.78,11.22,11.78
1404,0,نرم افزار تبریز (سهمیه شاگرد اولی),"1,680","1,796","1,810","1,666",18.81,0.00,0.00,0.00,18.33,10.00,26.67,"1,917","2,059","2,068","1,900",12.78,11.56,11.67,12.22
1404,0,-,"1,685","1,520","1,833","1,771",18.99,58.67,15.00,26.67,0.00,-3.32,16.67,"1,922","1,737","2,095","2,024",13.25,14.14,11.92,12.14
1404,0,-,"1,697","1,468","1,618","1,574",17.81,0.00,3.33,33.33,15.00,15.00,13.33,"1,935","1,677","1,840","1,796",14.44,15.78,14.55,14.55
1404,0,-,"1,697","1,468","1,618","1,574",17.81,0.00,3.33,33.33,15.00,15.00,13.33,"1,935","1,677","1,840","1,796",14.44,15.78,14.55,14.55
1404,0,-,"1,701","1,885","1,837","1,873",16.73,0.00,0.00,16.67,8.33,15.00,30.00,"1,939","2,165","2,165","2,144",14.89,13.56,13.89,13.44
1404,0,-,"1,701","1,885","1,837","1,873",16.73,0.00,0.00,16.67,8.33,15.00,30.00,"1,939","2,165","2,165","2,144",14.89,13.56,13.89,13.44
1404,0,-,"1,711","1,432","1,698","1,653",19.86,62.67,8.33,33.33,3.33,1.67,8.33,"1,952","1,637","1,938","1,886",12.95,14.73,12.51,12.62
1404,0,نرم افزار بیرجند,"1,717","1,950","1,720","1,750",16.75,12.00,8.33,3.33,11.67,18.33,23.33,"1,958","2,239","1,964","2,001",14.58,12.80,14.24,13.80
1404,0,معماری شاهد تهران,"1,725","1,926","1,535","1,824",15.90,4.00,0.00,30.00,1.67,35.00,18.33,"1,967","2,212","1,739","2,085",16.49,15.04,17.60,15.38
1404,0,جرم یابی تربیت مدرس خودگردان,"1,729","1,519","1,700","1,759",18.59,78.67,1.67,20.00,0.00,23.33,6.67,"1,971","1,722","1,939","2,012",14.58,13.91,15.69,14.13
1404,0,-,"1,765","1,834","1,880","1,985",18.73,0.00,5.00,26.67,0.00,10.00,25.00,"2,014","2,105","2,149","2,273",12.89,12.33,11.89,11.22
1404,0,هوش مصنوعی سمنان,"1,769","1,669","1,924","1,835",15.64,0.00,-1.66,26.67,13.33,8.33,26.67,"2,020","1,911","2,203","2,098",14.78,15.11,13.56,13.89
1404,0,معماری تبریز نوبت دوم,"1,772","1,502","1,669","1,688",18.34,6.67,0.00,40.00,10.00,15.00,11.67,"2,026","1,717","1,902","1,924",13.89,15.45,14.11,13.78
1404,0,شبکه‌های کامپیوتری مازندران-بابلسر,"1,776","1,889","1,675","1,795",16.60,0.00,0.00,20.00,10.00,25.00,20.00,"2,031","2,170","1,910","2,052",15.00,14.00,15.33,14.33
1404,0,شبکه‌های کامپیوتری صنعتی سهند,"1,789","1,658","1,971","1,706",17.46,0.00,0.00,10.00,23.33,3.33,25.00,"2,046","1,898","2,255","1,947",13.33,13.67,11.89,13.22
1404,0,اینترنت اشیا چمران اهواز,"1,789","2,363","1,430","1,778",18.88,50.67,-3.32,0.00,0.00,41.67,8.33,"2,044","2,720","1,619","2,031",13.49,10.16,15.71,12.94
1404,0,-,"1,794","2,473","1,473","1,833",16.96,29.33,3.33,0.00,1.67,43.33,13.33,"2,050","2,844","1,672","2,094",14.95,11.29,16.95,14.18
1404,0,هوش مصنوعی علم و فرهنگ تهران,"1,800","2,002","1,999","1,985",17.40,26.67,11.67,6.67,5.00,5.00,26.67,"2,056","2,296","2,288","2,273",13.34,12.00,11.89,11.89
1404,0,رایانش امن شاهد تهران,"1,824","1,718","1,764","1,847",17.00,34.67,18.33,26.67,1.67,11.67,11.67,"2,085","1,968","2,016","2,117",14.09,14.42,14.09,13.42
1404,0,-,"1,824","1,718","1,764","1,847",17.18,34.67,18.33,26.67,1.67,11.67,11.67,"2,085","1,968","2,016","2,117",14.09,14.42,14.09,13.42
1404,0,-,"1,837","2,130","1,370","1,767",16.19,40.00,0.00,23.33,0.00,48.33,3.33,"2,098","2,444","1,554","2,020",16.33,14.44,19.33,16.11
1404,0,-,"1,837","2,130","1,370","1,767",16.19,40.00,0.00,23.33,0.00,48.33,3.33,"2,098","2,444","1,554","2,020",16.33,14.44,19.33,16.11
1404,0,شبکه‌های کامپیوتری باهنر کرمان,"1,843","2,180","1,653","1,795",16.94,48.00,0.00,0.00,10.00,26.67,15.00,"2,105","2,499","1,884","2,052",14.53,12.42,15.31,14.20
1404,0,بیوانفورماتیک زنجان,"1,871","1,525","1,505","1,550",17.36,0.00,0.00,36.67,18.33,30.00,0.00,"2,140","1,743","1,708","1,767",14.56,16.22,16.56,15.78
1404,0,جرم یابی دیجیتال تربیت مدرس خودگردان,"1,876","1,433","1,990","1,737",14.18,44.00,3.33,40.00,18.33,0.00,16.67,"2,146","1,638","2,278","1,987",16.82,19.60,15.71,16.93
1404,0,-,"1,890","1,626","1,536","1,669",17.15,5.33,13.33,36.67,8.33,28.33,0.00,"2,163","1,861","1,740","1,903",14.35,15.47,16.24,14.91
1404,0,-,"1,907","2,002","1,783","1,722",16.76,10.67,0.00,0.00,21.67,21.67,16.67,"2,183","2,296","2,036","1,968",13.82,12.71,14.16,14.16
1404,0,-,"1,914","1,666","1,542","1,535",19.55,58.67,0.00,10.00,18.33,23.33,-6.66,"2,191","19,008","1,746","1,751",11.80,12.58,13.80,13.47
1404,0,-,"1,914","1,666","1,542","1,535",19.55,58.67,0.00,10.00,18.33,23.33,-6.66,"2,191","1,908","1,746","1,751",11.80,12.58,13.80,13.47
1404,0,-,"1,934","1,816","1,876","1,795",15.91,0.00,23.33,13.33,15.00,11.67,13.33,"2,215","2,084","2,145","2,052",13.78,14.00,13.67,13.89
1404,0,شبکه‌های کامپیوتری تبریز خودگردان,"1,947","2,155","2,106","2,148",16.56,89.33,6.67,6.67,0.00,3.33,21.67,"2,231","2,472","2,407","2,466",14.18,12.96,12.96,12.73
1404,0,-,"1,949","1,901","1,532","1,662",16.04,0.00,3.33,20.00,16.67,38.33,3.33,"2,233","2,183","1,736","1,896",15.00,14.67,17.33,15.89
1404,0,-,"1,949","1,901","1,532","1,662",16.04,0.00,3.33,20.00,16.67,38.33,3.33,"2,233","2,183","1,736","1,896",15.00,14.67,17.33,15.89
1404,0,رایانش امن شاهد تهران,"1,979","1,559","2,015","1,676",17.38,10.67,6.67,16.67,26.67,1.67,11.67,"2,667","1,782","2,305","1,911",12.60,14.60,11.94,13.60
1404,0,-,"1,979","2,002","1,878","2,022",18.36,60.00,11.67,16.67,-1.66,11.67,10.00,"2,267","2,296","2,147","2,316",12.45,12.00,12.56,11.67
1404,0,-,"1,990","1,694","1,593","1,838",16.93,10.67,6.67,46.67,3.33,30.00,0.00,"2,282","1,940","1,809","2,101",14.49,15.82,16.49,14.71
1404,0,-,"1,999","2,304","2,327","2,276",16.05,73.33,8.33,0.00,3.33,0.00,26.67,"2,292","2,651","2,665","2,613",13.78,12.22,12.00,12.22
1404,0,-,"2,009","2,570","2,424","2,422",17.22,6.67,5.00,-3.32,5.00,5.00,35.00,"2,305","2,951","2,788","2,778",12.00,9.45,10.00,10.00
1404,0,شبکه‌های کامپیوتری یزد,"2,022","2,187","2,133","2,195",18.79,73.33,-1.66,10.00,0.00,5.00,18.33,"2,319","2,506","2,439","2,524",11.89,11.00,11.00,10.67
1404,0,-,"2,026","2,425","2,057","2,244",17.17,30.67,-1.66,6.67,3.33,16.67,23.33,"2,323","2,793","2,354","2,577",12.93,10.93,12.49,11.60
1404,0,هوش مصنوعی پردیس تبریز,"2,042","1,599","1,975","1,843",18.57,60.00,11.67,26.67,10.00,0.00,3.33,"2,342","1,827","2,260","2,111",12.00,14.22,11.78,12.44
1404,0,هوش مصنوعی صنعتی شاهرود,"2,060","2,242","2,223","2,146",17.37,73.33,3.33,0.00,6.67,3.33,20.00,"2,362","2,577","2,541","2,464",12.67,11.56,11.55,11.78
1404,0,نرم افزار ازاد واحد علوم و تحقیقات,"2,067","2,261","2,439","2,223",19.48,0.00,0.00,0.00,11.67,0.00,28.33,"2,371","2,597","2,806","2,556",9.89,8.78,8.00,8.78
1404,0,هوش مصنوعی صنعتی شاهرود نوبت دوم,"2,084","2,082","2,208","2,183",17.12,0.00,5.00,20.00,8.33,8.33,21.67,"2,391","2,388","2,524","2,508",12.44,12.33,11.55,11.55
1404,0,نرم افزار تربیت مدرس خودگردان,"2,095","2,231","1,853","1,893",17.99,46.67,0.00,0.00,13.33,21.67,8.33,"2,403","2,563","2,118","2,168",12.33,11.22,13.22,12.67
1404,0,-,"2,114","2,106","1,723","1,938",16.72,70.67,10.00,16.67,3.33,25.00,0.00,"2,427","2,416","1,968","2,222",13.93,13.60,15.60,14.16
1404,0,-,"2,115","1,975","1,940","1,893",17.00,18.67,0.00,13.33,16.67,16.67,10.00,"2,429","2,264","2,222","2,168",12.36,12.58,12.80,12.80
1404,0,-,"2,115","1,975","1,940","1,893",17.00,18.67,0.00,13.33,16.67,16.67,10.00,"2,429","2,264","2,222","2,168",12.36,12.58,12.80,12.80
1404,0,نرم افزار علم و فرهنگ تهران غیر انتفاعی,"2,120","2,710","2,232","2,450",18.61,26.67,0.00,0.00,0.00,13.33,25.00,"2,435","3,104","2,553","2,811",11.11,8.56,10.33,9.44
1404,0,-,"2,127","1,644","1,769","1,763",16.23,40.00,-1.66,18.33,21.67,0.00,18.62,"1,438","1,563","1,546","1,832",14.19,15.61,12.95,14.39
1404,0,-,"2,161","1,909","2,291","2,271",17.04,54.67,6.67,30.00,1.67,0.00,15.00,"2,487","2,192","2,624","2,608",12.87,13.98,11.87,11.98
1404,0,-,"2,183","2,226","1,741","2,051",18.97,40.00,5.00,20.00,0.00,28.33,0.00,"2,510","2,557","1,989","2,351",11.67,11.11,13.55,11.67
1404,0,-,"2,187","2,391","2,743","2,538",15.23,0.00,3.33,10.00,10.00,0.00,35.00,"2,515","2,754","3,152","2,914",13.11,12.11,10.78,11.44
1404,0,-,"2,191","1,901","2,018","2,065",16.66,40.00,1.67,30.00,8.33,13.33,8.33,"2,520","2,183","2,309","2,365",13.44,14.55,13.78,13.44
1404,0,-,"2,197","4,848","5,242","5,223",16.54,28.00,15.00,6.67,0.00,-1.66,5.00,"6,008","5,600","6,059","6,046",5.76,5.98,5.31,5.42
1404,0,هوش مصنوعی قم,"2,198","1,806","2,174","2,020",16.94,0.00,0.00,30.00,16.67,8.33,13.33,"2,528","2,071","2,484","2,314",12.55,14.22,12.22,12.78
1404,0,-,"2,244","2,197","2,297","2,269",17.79,17.33,13.33,13.33,6.67,5.00,15.00,"2,583","2,520","2,630","2,604",11.04,11.04,10.38,10.49
1404,0,شبکه‌های کامپیوتری غیر انتفاعی سجاد مشهد,"2,254","3,187","2,446","2,895",17.26,6.67,0.00,0.00,-3.32,10.00,35.00,"2,594","3,663","3,035","3,331",11.11,7.89,9.45,8.56
1404,0,هوش مصنوعی کاشان,"2,271","2,267","1,774","2,128",16.82,14.67,15.00,26.67,0.00,31.67,0.00,"2,611","2,606","2,026","2,439",12.87,12.53,14.98,12.87
1404,0,-,"2,289","3,048","2,729","2,831",18.34,10.67,0.00,-3.32,0.00,5.00,33.33,"2,631","3,510","3,132","3,260",10.16,7.38,8.27,7.93
1404,0,-,"2,306","2,460","2,450","2,654",17.00,12.00,1.66,23.33,-1.66,10.00,23.33,"2,650","2,831","2,819","3,048",12.02,11.24,11.13,10.36
1404,0,-,"2,306","2,460","2,450","2,654",17.00,12.00,1.66,23.33,-1.66,10.00,23.33,"2,650","2,831","2,819","3,048",12.02,11.24,11.13,10.36
1404,0,-,"2,306","2,887","2,932","2,854",17.24,6.67,0.00,0.00,3.33,0.00,36.67,"2,650","3,321","3,369","3,284",10.89,8.67,8.44,8.67
1404,0,-,"2,323","2,391","2,460","2,450",16.84,46.67,5.00,10.00,5.00,5.00,18.33,"2,670","2,754","2,830","2,811",12.00,11.44,11.11,11.11
1404,0,-,"2,326","2,276","2,193","2,328",14.03,13.33,0.00,26.67,10.00,20.00,16.67,"2,673","2,615","2,505","2,673",14.89,14.89,15.11,14.45
1404,0,-,"2,331","2,936","2,658","2,742",16.36,25.33,0.00,0.00,3.33,8.33,30.00,"2,678","3,379","3,047","3,155",12.02,9.69,10.58,10.24
1404,0,رایانش امن شاهد تهران نوبت دوم,"2,337","2,391","2,778","2,797",16.62,4.00,13.33,23.33,-3.32,-1.66,26.67,"2,694","2,754","3,192","3,220",11.27,10.94,9.38,9.27
1404,0,شبکه‌های کامپیوتری صنعتی سهند,"2,352","2,231","2,533","2,613",18.76,25.33,-1.66,30.00,-1.66,3.33,18.33,"2,706","2,563","2,908","2,997",10.69,11.13,9.69,9.36
1404,0,نرم افزار بوعلی سینا همدان نوبت دوم,"2,372","2,323","2,833","2,616",15.35,8.00,0.00,20.00,10.00,0.00,28.33,"2,732","2,671","3,252","3,000",12.75,12.87,10.87,11.53
1404,0,-,"2,390","2,091","2,612","2,192",18.02,12.00,0.00,10.00,20.00,-1.66,16.67,"2,750","2,399","2,997","2,521",10.25,11.25,9.02,10.47
1404,0,-,"2,394","2,535","2,141","2,425",14.36,4.00,5.00,30.00,3.33,33.33,41.67,"2,755","2,911","2,447","2,781",23.38,20.60,22.82,20.82
1404,0,-,"2,394","2,535","2,141","2,425",17.30,22.67,0.00,16.67,3.33,21.67,11.67,"2,755","2,911","2,447","2,781",11.85,10.96,12.51,11.29
1404,0,هوش مصنوعی علم و فناوری بهشهر,"2,444","2,249","2,570","2,549",13.71,30.67,0.00,30.00,8.33,8.33,20.00,"2,810","2,585","2,951","2,926",14.71,15.38,13.93,13.93
1404,0,-,"2,447","2,932","1,840","2,247",17.79,46.67,3.33,0.00,3.33,36.67,0.00,"2,814","3,375","2,102","2,582",11.56,9.33,14.00,11.78
1404,0,-,"2,471","3,210","2,337","2,716",15.27,78.67,0.00,0.00,-1.66,20.00,16.67,"2,854","3,690","2,677","3,121",13.36,10.80,13.58,12.14
1404,0,نرم افزار صنعتی قم,"2,472","2,549","2,187","2,309",14.76,0.00,10.00,10.00,13.33,23.33,11.67,"2,841","2,929","2,499","2,653",13.11,12.33,13.89,13.22
1404,0,-,"2,477","2,421","2,434","2,683",17.60,0.00,0.00,30.00,0.00,13.33,16.67,"2,849","2,789","2,801","3,084",11.11,11.11,10.89,10.00
1404,0,-,"2,506","2,140","2,901","2,966",16.21,5.33,0.00,50.00,-5.00,-1.66,23.33,"2,882","2,454","3,334","3,412",11.91,13.47,10.25,10.02
1404,0,-,"2,524","2,559","2,080","2,442",17.58,18.67,5.00,20.00,1.67,25.00,5.00,"2,903","2,939","2,378","2,800",11.25,10.69,12.58,11.02
1404,0,رایانش امن انقلاب اسلامی تهران,"2,537","3,296","2,589","2,864",16.10,29.33,0.00,0.00,1.67,16.67,23.33,"2,919","3,804","2,971","3,296",11.84,9.29,11.40,10.40
1404,0,-,"2,554","2,456","2,810","2,864",16.41,16.00,10.00,26.67,-1.66,1.67,20.00,"2,937","2,827","3,226","3,296",11.29,11.51,10.07,9.85
1404,0,-,"2,594","2,163","2,263","2,102",15.75,28.00,10.00,13.33,20.00,13.33,1.67,"2,980","2,481","2,591","2,408",12.09,13.31,12.87,13.31
1404,0,-,"2,642","2,180","2,181","2,309",14.87,0.00,1.67,36.67,13.33,23.33,3.33,"3,037","2,499","2,492","2,653",13.33,14.89,14.67,14.00
1404,0,-,"2,701","2,054","2,424","2,358",19.08,20.00,10.00,30.00,8.33,5.00,-1.66,"3,103","2,356","2,788","2,705",8.89,11.22,9.33,9.56
1404,0,هوش مصنوعی بهشهر,"2,762","2,899","3,475","3,279",15.31,0.00,0.00,16.67,5.00,-1.66,31.67,"3,170","3,334","4,006","3,783",11.34,10.78,9.11,9.56
1404,0,-,"2,792","2,014","2,457","2,207",18.61,0.00,0.00,26.67,20.00,8.33,0.00,"3,205","2,309","2,827","2,540",9.22,11.78,9.78,10.56
1404,0,-,"2,844","2,793","3,016","2,639",17.00,0.00,0.00,0.00,21.67,6.67,20.00,"3,263","3,204","3,460","3,027",11.00,10.67,10.11,11.11
1404,0,-,"2,855","3,866","3,008","3,540",17.00,12.00,0.00,3.33,-8.32,13.33,25.00,"3,274","4,458","3,450","4,078",8.91,6.02,8.13,6.69
1404,0,-,"2,859","3,083","3,313","3,056",17.31,8.00,0.00,0.00,10.00,0.00,25.00,"3,278","3,552","3,819","3,515",9.20,8.20,7.53,8.20
1404,0,-,"2,867","3,001","2,861","2,755",17.67,0.00,0.00,0.00,13.33,10.00,16.67,"3,287","3,449","3,284","3,170",9.11,8.22,8.67,8.89
1404,0,-,"2,870","2,465","2,529","2,652",17.12,0.00,-3.32,30.00,8.33,16.67,6.67,"3,290","2,836","2,904","3,044",10.34,11.34,11.00,10.45
1404,0,-,"2,877","3,740","2,589","3,073",17.56,16.00,0.00,0.00,0.00,23.33,15.00,"3,298","4,307","2,971","3,539",9.73,7.18,10.29,8.73
1404,0,بیوانفورماتیک بهشهر,"2,934","3,366","3,232","3,289",16.74,25.33,-1.66,3.33,3.33,5.00,23.33,"3,367","3,886","3,721","3,794",9.80,8.35,8.58,8.47
1404,0,هوش مصنوعی صنعتی اصفهان مجازی,"2,958","2,534","2,652","2,654",16.24,42.67,0.00,20.00,10.00,11.67,5.00,"3,395","2,910","3,041","3,048",11.18,12.07,11.62,11.51
1404,0,نرم افزار زنجان,"2,965","2,728","3,022","2,700",16.19,82.67,0.00,0.00,13.33,0.00,10.00,"3,403","3,124","3,470","3,104",10.84,11.07,10.18,11.07
1404,0,-,"3,024","3,293","3,284","3,132",15.87,25.33,-1.66,0.00,10.00,5.00,21.67,"3,468","3,801","3,783","3,609",10.25,9.13,9.13,9.47
1404,0,-,"3,043","2,512","2,851","2,820",19.67,96.00,0.00,16.67,0.00,-1.66,0.00,"3,489","2,888","3,274","3,247",8.29,9.51,8.18,8.29
1404,0,-,"3,059","3,172","3,111","3,113",18.13,100.00,-1.66,0.00,0.00,0.00,10.00,"3,509","3,647","3,571","3,586",9.11,8.45,8.45,8.45
1404,0,-,"3,059","3,182","3,111","3,113",18.13,100.00,-1.66,0.00,0.00,0.00,10.00,"3,509","3,647","3,571","3,586",9.11,8.45,8.45,8.45
1404,0,-,"3,166","1,762","3,013","2,266",15.45,0.00,-1.66,40.00,31.67,-3.32,0.00,"3,636","2,016","3,455","2,601",10.78,15.78,10.56,12.89
1404,0,علم داده صنعتی همدان,"3,248","3,076","3,488","3,050",18.68,0.00,0.00,0.00,15.00,0.00,15.00,"3,736","3,543","4,022","3,508",7.00,7.00,6.00,7.00
1404,0,-,"3,253","3,119","3,174","3,528",16.11,0.00,-1.66,30.00,0.00,11.67,15.00,"3,741","3,589","3,652","4,062",10.11,10.33,9.89,9.11
1404,0,-,"3,290","3,113","2,792","2,709",18.13,0.00,0.00,0.00,18.33,16.67,3.33,"3,781","3,583","3,208","3,113",7.89,7.78,8.78,8.89
1404,0,-,"3,340","3,825","3,611","3,754",18.81,20.00,8.33,0.00,-3.32,1.67,16.67,"3,843","4,412","4,162","4,327",6.56,5.12,5.56,5.23
1404,0,-,"3,355","2,930","2,994","2,994",16.55,46.67,5.00,26.67,-1.66,10.00,3.33,"3,862","3,371","3,436","3,436",9.89,10.67,10.33,9.56
1404,0,هوش مصنوعی ازاد کرج,"3,382","4,331","4,240","4,284",17.00,48.00,5.00,0.00,0.00,0.00,30.00,"3,896","4,997","4,893","4,953",11.87,9.87,9.87,9.87
1404,0,-,"3,418","2,825","3,408","2,700",15.11,14.67,6.67,-3.32,28.33,1.67,8.33,"3,938","3,244","3,928","3,104",9.65,10.65,9.20,10.98
1404,0,-,"3,448","2,610","3,254","3,202",18.77,81.33,0.00,26.67,0.00,-3.32,-1.66,"3,979","2,995","3,748","3,690",7.87,9.98,7.76,7.98
1404,0,-,"3,515","4,029","2,768","3,152",18.50,18.67,-1.66,-3.32,6.67,25.00,1.67,"4,059","4,644","3,181","3,630",7.36,5.81,8.92,7.69
1404,0,-,"3,549","4,838","3,876","4,320",14.16,25.33,0.00,0.00,0.00,11.67,25.00,"4,096","5,588","4,474","4,993",10.69,8.24,9.80,9.02
1404,0,رایانش امن شیراز خودگردان,"3,575","3,736","3,201","3,320",17.15,38.67,-3.32,0.00,8.33,13.33,6.67,"4,124","4,302","3,684","3,829",8.25,7.47,8.69,8.36
1404,0,-,"3,584","4,518","4,147","4,426",18.22,6.67,18.33,-3.32,-10.00,-1.66,20.00,"4,133","5,221","4,783","5,115",5.45,3.34,4.00,3.45
1404,0,-,"3,604","3,155","3,484","3,427",15.00,38.67,0.00,20.00,8.33,6.67,8.33,"4,159","3,629","4,018","3,946",10.47,11.35,10.36,10.47
1404,0,-,"3,643","4,290","2,800","2,571",14.09,44.00,3.33,10.00,0.00,30.00,3.33,"4,205","4,949","3,216","3,570",11.60,10.04,13.38,11.38
1404,0,-,"3,643","4,290","2,800","3,570",14.09,44.00,3.33,10.00,0.00,30.00,3.33,"4,205","4,949","3,216","4,116",11.60,10.04,13.38,11.38
1404,0,هوش مصنوعی ازاد واحد تهران شمال,"3,654","3,226","3,523","3,400",17.29,77.33,10.00,6.67,3.33,-1.66,1.67,"4,218","3,711","4,061","3,917",8.16,8.82,7.94,8.27
1404,0,-,"3,756","3,172","4,036","3,745",16.48,0.00,0.00,23.33,8.33,0.00,13.33,"4,343","3,647","4,653","4,317",8.33,9.55,7.44,8.00
1404,0,-,"3,764","3,592","3,639","3,754",16.04,70.67,8.33,10.00,0.00,3.33,5.00,"4,356","4,133","4,192","4,327",9.15,9.27,9.04,8.82
1404,0,-,"3,780","3,696","3,944","3,741",17.40,0.00,5.00,10.00,8.33,1.67,11.67,"4,377","4,025","4,550","4,490",7.11,7.44,6.45,6.89
1404,0,-,"3,789","3,668","4,015","3,671",18.98,13.33,-3.32,0.00,10.00,0.00,11.67,"4,386","4,224","4,628","4,232",5.56,5.45,4.78,5.45
1404,0,-,"3,802","4,211","3,770","4,045",18.16,16.00,5.00,3.33,0.00,6.67,11.67,"4,399","4,850","4,352","4,674",6.62,5.62,6.29,5.85
1404,0,-,"3,936","4,062","3,856","3,856",14.33,57.33,13.33,0.00,5.00,5.00,8.33,"4,553","4,684","4,450","4,449",9.82,9.27,9.60,9.60
1404,0,-,"3,957","5,569","5,357","5,531",15.01,1.33,0.00,0.00,-3.32,0.00,33.33,"4,578","6,455","6,191","6,404",8.31,5.87,6.09,5.87
1404,0,هوش مصنوعی شاهرود مجازی,"4,104","3,630","4,255","4,016",17.29,24.00,-3.32,13.33,6.67,0.00,10.00,"4,753","4,174","4,908","4,641",6.94,7.60,6.27,6.71
1404,0,هوش مصنوعی تبریز خودگردان,"4,202","3,119","4,460","3,987",18.22,10.67,0.00,26.67,6.67,-6.66,6.67,"4,870","3,589","5,148","4,604",6.05,8.27,5.16,6.05
1404,0,-,"4,213","3,128","4,159","3,502",16.88,0.00,-1.66,16.67,18.33,0.00,5.00,"4,884","3,599","4,797","4,031",7.00,9.00,6.67,7.89
1404,0,-,"4,304","4,369","3,819","4,077",18.89,68.00,0.00,0.00,0.00,6.67,0.00,"4,990","5,043","4,410","4,714",5.87,5.42,6.31,5.87
1404,0,-,"4,388","5,775","4,530","5,440",16.64,0.00,0.00,6.67,-8.32,11.67,18.33,"5,084","6,696","5,230","6,301",6.45,4.34,6.00,4.67
1404,0,-,"4,469","3,773","5,365","4,101",15.96,0.00,1.67,3.33,18.33,-8.32,15.00,"5,177","4,348","6,201","4,747",6.67,7.67,5.11,6.89
1404,0,-,"4,476","3,507","3,980","3,922",18.28,0.00,6.67,20.00,6.67,5.00,-1.66,"5,174","4,039","4,543","4,525",5.45,7.00,5.89,6.00
1404,0,-,"4,476","3,507","3,980","3,922",18.28,0.00,6.67,20.00,6.67,5.00,-1.66,"5,174","4,039","4,543","4,525",5.45,7.00,5.89,6.00
1404,0,رباتیک بیرجند,"4,486","3,617","4,703","4,757",15.88,0.00,5.00,33.33,0.00,0.00,10.00,"5,196","4,160","5,429","5,502",7.78,9.33,7.11,7.11
1404,0,-,"4,497","4,992","4,586","4,688",17.48,0.00,0.00,0.00,5.00,6.67,13.33,"5,208","5,767","5,295","5,420",5.89,4.89,5.44,5.33
1404,0,معماری خواجه نصیر مجازی,"4,596","4,094","3,743","4,037",17.26,30.67,0.00,13.33,5.00,13.33,-3.32,"5,317","4,717","4,319","4,665",6.60,7.16,7.71,7.16
1404,0,-,"4,628","3,545","4,661","4,303",16.67,24.00,0.00,23.33,6.67,-1.66,5.00,"5,355","4,082","5,358","4,972",7.05,8.82,6.60,7.16
1404,0,-,"4,628","3,545","4,661","4,303",16.67,24.00,0.00,23.33,6.67,-1.66,5.00,"5,355","4,082","5,358","4,972",7.05,8.82,6.60,7.16
1404,0,-,"4,682","5,137","4,910","4,951",15.56,78.67,3.33,-3.32,0.00,0.00,10.00,"5,414","5,941","5,666","5,731",7.91,7.02,7.25,7.25
1404,0,-,"4,782","5,362","4,479","4,624",14.92,30.67,-1.66,-3.32,8.33,11.67,10.00,"5,527","6,210","5,169","5,349",8.05,6.94,8.16,7.94
1404,0,-,"4,970","5,227","6,606","5,929",16.09,0.00,-1.66,6.67,3.33,-8.32,23.33,"5,743","6,053","7,665","6,865",5.89,5.56,3.78,4.56
1404,0,-,"4,975","3,957","4,813","4,373",19.34,30.67,0.00,10.00,6.67,-3.32,0.00,"5,750","4,564","5,550","5,054",4.05,5.38,3.83,4.49
1404,0,-,"5,044","3,915","4,927","4,927",16.02,100.00,0.00,0.00,33.33,0.00,35.33,"5,832","4,513","4,513","5,678",22.75,22.62,20.40,22.62
1404,0,-,"5,224","4,973","4,916","4,972",15.25,66.67,20.00,0.00,0.00,0.00,0.00,"6,037","5,744","5,672","5,754",7.11,7.11,7.11,7.11
1404,0,-,"5,295","6,240","5,032","5,391",19.18,9.00,-5.00,-6.66,1.67,8.33,8.33,"6,124","7,238","5,804","6,245",3.27,1.82,3.27,2.82
1404,0,نرم افزار ازاد واحد ارومیه,"5,344","6,673","5,319","6,105",17.00,12.00,11.67,0.00,-6.66,8.33,11.67,"6,180","7,730","6,146","7,078",5.80,4.02,5.58,4.58
1404,0,-,"5,375","3,705","5,530","4,749",15.82,0.00,0.00,26.67,11.67,-3.32,5.00,"6,218","4,266","6,398","5,493",6.56,9.00,6.00,7.00
1404,0,-,"5,375","3,705","5,530","4,749",15.82,0.00,0.00,26.67,11.67,-3.32,5.00,"6,218","4,266","6,398","5,493",6.56,9.00,6.00,7.00
1404,0,-,"5,504","5,946","6,794","5,148",18.59,0.00,-10.00,-23.32,18.33,-8.32,16.67,"6,374","6,892","7,878","5,959",2.00,1.12,0.34,2.12
1404,0,-,"5,572","6,849","6,960","6,710",13.70,-8.00,0.00,0.00,5.00,1.67,25.00,"6,450","7,942","8,065","7,782",7.47,6.02,5.91,6.13
1404,0,-,"5,859","6,971","6,291","6,407",15.58,9.33,0.00,-3.32,3.33,5.00,15.00,"6,790","8,079","8,079","7,424",5.85,4.51,5.18,5.07
1404,0,-,"5,972","5,362","6,072","5,913",16.17,48.00,0.00,10.00,1.67,-1.67,5.00,"6,917","6,310","7,043","6,843",5.87,6.42,5.42,5.64
1404,0,-,"6,100","5,154","5,746","5,289",17.40,36.00,0.00,3.33,8.33,0.00,0.00,"7,062","5,958","6,659","6,125",4.51,5.29,4.51,5.07
1404,0,-,"6,183","6,087","6,008","5,749",16.12,12.00,0.00,0.00,8.33,5.00,6.67,"7,159","7,056","6,962","6,654",5.24,5.02,5.13,5.36
1404,0,-,"6,407","6,640","5,773","6,012",19.77,10.67,10.00,-6.66,0.00,3.33,-1.66,"7,426","7,691","6,690","6,966",1.38,0.82,1.71,1.49
1404,0,-,"6,677","6,171","5,833","6,037",16.30,26.67,-3.32,6.67,5.00,8.33,0.00,"7,741","7,154","6,759","6,992",4.89,5.11,5.45,5.22
1404,0,-,"6,720","6,160","6,642","5,943",15.53,49.33,-3.32,-3.32,10.00,0.00,3.33,"7,787","7,139","7,705","6,884",5.29,5.51,5.07,5.74
1404,0,-,"7,019","7,363","7,107","7,133",16.92,46.67,0.00,-3.32,0.00,0.00,5.00,"8,129","8,548","8,235","8,269",4.00,3.45,3.67,3.67
1404,0,-,"7,225","6,927","6,890","6,908",18.52,37.33,0.00,0.00,0.00,0.00,0.00,"8,371","8,029","7,985","8,008",2.49,2.49,2.49,2.49
1404,0,-,"7,497","6,388","6,869","5,874",18.42,14.67,-11.66,-6.66,15.00,1.67,-3.32,"8,685","7,405","7,961","6,796",0.98,1.65,1.32,2.21
1404,0,-,"7,954","10,158","7,919","9,080",14.97,10.67,0.00,-3.32,-5.00,10.00,11.67,"9,209","11,807","9,169","10,542",4.38,2.38,4.27,3.27
1404,0,-,"8,280","7,938","7,919","7,950",16.50,57.33,0.00,0.00,0.00,0.00,0.00,"9,535","9,210","9,169","9,220",3.82,3.82,3.82,3.82
1404,0,-,"8,322","9,004","8,966","9,031",17.29,0.00,-3.32,0.00,-1.66,0.00,10.00,"9,577","10,454","10,290","10,479",1.89,1.11,1.23,1.11
1404,0,هوش مصنوعی در پزشکی ازاد واحد مشهد,"8,523","8,769","7,668","8,518",14.42,2.67,6.67,6.67,0.00,10.00,3.33,"9,778","10,176","8,879","9,881",4.84,4.40,5.29,4.62
1404,0,-,"8,809","7,304","8,129","7,321",17.22,10.67,0.00,0.00,10.00,0.00,-3.32,"10,064","8,476","9,417","8,486",1.83,2.71,2.05,2.71
1404,0,-,"8,809","7,304","8,129","7,321",17.22,10.67,0.00,0.00,10.00,0.00,-3.32,"10,064","8,476","9,417","8,486",1.83,2.71,2.05,2.71
1404,0,-,"8,909","6,891","7,857","7,448",15.73,6.67,10.00,10.00,6.67,1.67,-8.32,"10,164","7,988","9,095","8,631",2.56,4.12,3.23,3.56
1404,0,-,"9,170","8,171","9,267","9,080",14.66,32.00,-1.00,10.00,0.00,-1.66,3.33,"10,425","9,491","10,591","10,542",0.00,0.00,0.00,0.00
1404,0,-,"9,972","7,529","9,082","8,380",15.06,5.33,1.67,13.33,8.33,1.67,-5.00,"11,227","8,737","10,406","9,726",3.02,4.69,3.47,3.91
1404,0,-,"10,690","10,294","10,890","9,937",15.16,30.67,0.00,-6.66,5.00,-1.66,3.33,"11,945","11,965","12,214","11,544",2.71,2.49,2.38,2.82
1404,0,-,"10,951","9,748","10,689","9,798",15.91,17.33,-1.66,0.00,5.00,0.00,0.00,"12,206","11,324","11,913","11,385",1.93,2.27,1.93,2.27
1404,0,-,"11,275","10,954","11,307","10,924",16.74,0.00,0.00,0.00,0.00,0.00,3.33,"12,530","12,646","12,631","12,683",0.89,0.67,0.67,0.67
1404,0,-,"11,293","11,164","11,566","11,122",15.66,8.00,0.00,0.00,0.00,0.00,5.00,"12,548","12,856","12,890","12,917",1.87,1.53,1.53,1.53
1404,0,-,"11,418","13,286","12,136","12,663",14.45,14.67,-13.32,-6.66,-11.66,6.67,15.00,"12,673","14,978","13,460","14,538",1.32,-1.35,0.76,-0.46
1404,0,-,"11,895","12,208","12,572","12,071",14.58,0.00,-5.00,0.00,0.00,0.00,10.00,"13,150","13,900","13,896","13,946",2.00,1.33,1.33,1.33
1404,0,-,"12,504","11,935","12,993","12,599",14.86,5.33,-1.66,10.00,-6.66,-3.32,6.67,"13,759","13,627","14,317","14,474",1.25,1.25,0.58,0.36
1404,0,-,"12,504","12,328","12,732","12,059",13.12,6.67,0.00,0.00,3.33,1.67,6.67,"13,759","14,020","14,056","13,934",3.22,2.89,2.89,3.00
1404,0,-,"13,011","12,271","12,802","12,509",15.68,4.00,1.67,6.67,-5.00,0.00,0.00,"14,266","13,963","14,126","14,384",0.38,0.49,0.38,0.05
1404,0,-,"13,212","12,787","12,527","12,081",13.59,10.67,0.00,-3.32,5.00,6.67,-1.66,"14,467","14,479","13,851","13,956",2.16,1.94,2.72,2.60
1404,5,هوش مصنوعی شریف,3,3,4,3,18.91,1.33,30.00,76.67,50.00,46.67,61.67,26,25,34,34,50.09,51.31,49.09,49.31
1404,5,نرم افزار شریف,8,6,9,7,19.42,53.33,28.33,46.67,50.00,25.00,45.00,102,85,132,98,40.56,42.33,39.22,40.89
1404,5,بیوانفورماتیک شریف,9,12,8,10,18.16,56.00,13.33,36.67,25.00,68.33,43.33,140,201,130,158,40.62,37.29,42.29,39.40
1404,5,نرم افزار تهران,10,13,12,15,19.22,84.00,0.00,50.00,13.33,41.67,58.33,160,221,196,226,38.82,36.38,37.71,35.82
1404,5,نرم افزار تهران,11,10,14,13,18.87,18.67,18.33,50.00,38.33,23.33,61.67,134,156,233,203,39.13,39.35,36.58,37.58
1404,5,هوش مصنوعی تهران,12,7,11,9,19.53,0.00,6.67,100.00,46.67,23.33,36.67,165,90,192,146,38.00,43.78,37.11,38.67
1404,5,هوش مصنوعی بهشتی,17,25,16,21,19.58,10.67,10.00,23.33,25.00,51.67,45.00,294,419,292,332,32.49,29.27,32.93,31.16
1404,5,هوش مصنوعی امیرکبیر,18,20,17,19,19.05,61.33,-1.66,40.00,26.67,41.67,40.00,305,336,311,322,33.54,32.54,33.65,32.65
1404,5,نرم افزار تهران,19,26,20,20,17.52,40.00,5.00,10.00,35.00,46.67,48.33,306,435,325,324,33.89,30.56,33.78,33.00
1404,5,رایانش امن شریف,21,15,21,16,16.61,12.00,25.00,50.00,43.33,28.33,33.33,319,240,335,275,34.02,36.13,33.69,34.69
1404,5,-,22,17,19,18,20.00,70.67,10.00,50.00,35.00,36.67,16.67,358,271,320,292,31.49,33.60,32.82,32.71
1404,5,بیوانفورماتیک شریف,23,23,31,27,17.20,45.33,13.33,36.67,30.00,21.67,45.00,389,392,471,434,32.02,32.02,30.47,31.02
1404,5,نرم افزار امیرکبیر,25,19,23,22,18.62,36.00,5.00,50.00,40.00,60.00,25.00,416,324,395,356,36.40,36.73,38.73,37.40
1404,5,نرم افزار امیرکبیر,27,18,37,24,18.72,34.67,1.67,50.00,45.00,10.00,36.67,434,303,524,398,29.98,33.20,28.20,30.53
1404,5,-,28,40,27,32,18.66,37.33,25.00,20.00,15.00,41.67,36.67,439,555,430,492,29.60,26.71,29.93,28.16
1404,5,علوم و فناوری شبکه‌های کامپیوتری تهران,29,49,25,38,17.37,68.00,-1.66,23.33,15.00,53.33,40.00,449,626,416,512,31.76,28.09,32.64,30.09
1404,5,-,30,27,22,26,19.31,22.67,0.00,40.00,35.00,50.00,21.67,474,453,383,417,29.62,29.85,31.51,30.51
1404,5,معماری شریف,36,54,36,48,17.23,0.00,0.00,40.00,8.33,56.67,45.00,517,701,498,631,30.33,26.78,31.11,27.89
1404,5,هوش مصنوعی شهید بهشتی,40,38,52,50,17.41,12.00,10.00,50.00,15.00,18.33,50.00,539,547,658,649,28.80,28.58,26.69,26.47
1404,5,-,42,63,39,45,17.00,90.67,0.00,0.00,21.67,50.00,41.67,546,775,535,597,31.49,26.82,32.05,30.16
1404,5,هوش مصنوعی علم و صنعت,45,33,62,40,15.29,12.00,0.00,23.33,55.00,5.00,50.00,573,492,742,533,29.24,30.80,26.24,29.58
1404,5,هوش مصنوعی شهید بهشتی,46,39,48,44,18.20,0.00,0.00,40.00,30.00,28.33,40.00,579,549,625,585,27.67,27.78,26.89,27.00
1404,5,-,48,49,57,61,18.34,56.00,0.00,40.00,10.00,28.33,41.67,598,646,696,682,27.84,26.51,26.96,25.73
1404,5,هوش مصنوعی علم و صنعت,49,37,37,42,15.71,14.67,23.33,50.00,26.67,43.33,18.33,615,535,527,559,29.64,30.64,31.31,30.20
1404,5,,52,50,57,55,16.29,16.00,0.00,40.00,23.33,31.67,41.67,640,680,679,684,28.51,27.84,27.85,27.29
1404,5,نرم افزار علم و صنعت,55,56,43,54,17.02,33.33,0.00,40.00,18.33,51.67,25.00,674,720,585,674,28.22,27.00,30.00,27.78
1404,5,نرم افزار علم و صنعت,56,88,54,65,15.27,40.00,5.00,10.00,15.00,46.67,43.33,680,946,675,765,28.56,24.22,28.78,26.67
1404,5,نرم افزار علم و صنعت,57,52,68,59,17.31,5.33,0.00,36.67,26.67,21.67,43.33,681,688,767,715,26.47,26.36,25.02,25.36
1404,5,-,61,98,80,81,16.35,38.67,0.00,0.00,13.33,21.67,63.33,694,"1,021",896,913,26.47,21.69,23.69,23.13
1404,5,نرم افزار شهید بهشتی,63,70,55,62,16.51,0.00,0.00,40.00,16.67,46.67,35.00,715,798,676,757,27.33,25.67,28.11,26.11
1404,5,-,65,59,70,67,18.96,77.33,10.00,30.00,13.33,15.00,31.67,739,737,799,775,24.60,24.38,23.49,23.38
1404,5,شبکه‌های کامپیوتری علم و صنعت,66,75,75,84,16.77,0.00,20.00,40.00,5.00,21.67,45.00,756,857,869,927,25.33,23.89,23.78,22.67
1404,5,معماری امیرکبیر,67,69,72,70,16.83,42.67,13.33,20.00,21.67,20.00,36.67,763,796,836,786,25.40,24.40,24.29,24.40
1404,5,-,68,62,67,71,16.68,54.67,13.33,40.00,11.67,28.33,28.33,776,771,763,807,26.31,25.98,26.31,25.20
1404,5,نرم افزار شهید بهشتی,70,61,65,61,15.03,0.00,18.33,36.67,28.33,35.00,25.00,798,751,751,740,26.67,27.00,27.33,26.89
1404,5,-,75,64,76,73,17.26,44.00,0.00,36.67,21.67,21.67,31.67,834,777,877,835,24.94,25.27,24.27,24.27
1404,5,-,78,77,96,85,19.70,22.67,0.00,30.00,18.33,13.33,36.67,881,866,996,930,21.62,21.51,20.07,20.40
1404,5,-,82,77,83,79,15.31,65.33,6.67,3.33,8.33,0.00,8.33,"4,304","3,972","4,358","4,070",9.58,9.80,9.02,9.58
1404,5,الگوریتم شریف,83,42,71,46,15.91,50.67,11.67,30.00,58.33,18.33,1.67,916,585,812,611,24.71,29.27,25.82,28.49
1404,5,الگوریتم تهران,84,73,79,92,18.67,0.00,8.33,60.00,8.33,28.33,23.33,927,830,894,962,22.66,23.78,23.00,21.66
1404,5,نرم افزار خواجه نصیر,87,94,101,95,16.27,21.33,25.00,16.67,18.33,16.67,33.33,945,"1,002","1,030",990,22.87,21.87,21.76,21.87
1404,5,-,96,105,109,109,15.89,60.00,-1.66,26.67,13.33,21.67,35.00,"1,011","1,086","1,086","1,103",23.67,22.56,22.78,22.22
1404,5,-,102,117,125,129,14.16,26.67,0.00,10.00,0.00,0.00,21.67,"5,327","5,916","6,406","6,441",8.89,8.11,7.45,7.45
1404,5,-,121,146,119,122,18.07,74.67,0.00,0.00,16.67,25.00,23.33,"1,224","1,384","1,192","1,209",19.53,17.42,19.64,19.09
1404,5,-,131,91,128,194,19.11,61.33,35.00,20.00,26.67,0.00,0.00,"1,322",983,"1,275","1,071",16.76,19.87,16.76,18.53
1404,5,-,136,137,133,138,17.45,33.33,0.00,23.33,15.00,25.00,21.67,"1,345","1,344","1,298","1,316",19.11,18.56,19.33,18.67
1404,5,-,140,175,152,163,15.74,65.33,15.00,13.33,1.67,11.67,33.33,"1,371","1,603","1,509","1,593",19.69,17.69,18.24,17.58
1404,5,-,141,147,131,133,13.45,0.00,0.00,20.00,28.33,35.00,25.00,"1,372","1,396","1,290","1,279",22.00,21.22,22.67,22.22
1404,5,هوش مصنوعی الزهرا,145,116,157,147,15.99,0.00,0.00,46.67,20.00,6.67,30.00,"1,387","1,161","1,538","1,410",19.56,21.56,18.00,18.89
1404,5,هوش مصنوعی شیراز,146,140,155,151,17.77,0.00,0.00,23.33,18.33,11.67,31.67,"1,393","1,363","1,521","1,442",17.56,17.44,16.22,16.67
1404,5,-,150,121,148,144,17.76,4.00,5.00,36.67,20.00,10.00,21.67,"1,420","1,212","1,475","1,367",17.60,19.27,16.82,17.49
1404,5,-,152,161,138,141,18.46,0.00,0.00,10.00,21.67,28.33,20.00,"1,438","1,518","1,350","1,350",16.67,15.56,17.22,16.78
1404,5,-,162,182,168,178,17.29,100.00,6.67,10.00,6.67,8.33,20.00,"1,595","1,664","1,658","1,656",17.22,16.45,16.44,16.33
1404,5,-,163,166,156,161,16.07,53.33,-1.66,26.67,13.33,20.00,18.33,"1,597","1,553","1,533","1,578",18.44,18.56,18.56,18.11
1404,5,-,168,203,162,191,17.68,53.33,5.00,16.67,0.00,20.00,23.33,"1,622","1,841","1,603","1,780",16.67,14.89,16.44,15.11
1404,5,-,169,190,189,177,17.00,20.00,0.00,0.00,21.67,8.33,31.67,"1,626","1,741","1,813","1,655",15.78,14.56,14.22,15.11
1404,5,-,171,234,180,211,16.43,24.00,5.00,13.33,0.00,20.00,33.33,"1,663","2,095","1,765","1,963",16.93,14.27,16.04,14.71
1404,5,-,176,180,186,166,18.06,46.67,3.33,3.33,23.33,5.00,20.00,"1,711","1,635","1,801","1,601",15.00,15.11,14.00,15.22
1404,5,هوش مصنوعی ازاد واحد علوم و تحقیقات,193,169,192,186,20.00,9.33,16.67,26.67,10.00,3.33,13.33,"1,812","1,572","1,833","1,742",12.62,13.96,11.95,12.40
1404,5,-,194,142,178,183,16.28,50.67,30.00,50.00,3.33,5.00,3.33,"1,820","1,367","1,725","1,719",16.60,19.60,16.71,16.60
1404,5,-,194,142,178,183,16.28,50.67,30.00,50.00,3.33,5.00,3.33,"1,820","1,367","1,725","1,719",16.60,19.60,16.71,16.60
1404,5,نرم افزار اصفهان,202,252,215,234,16.84,50.67,0.00,10.00,0.00,15.00,30.00,"1,867","2,280","1,994","2,161",15.71,13.38,14.71,13.71
1404,5,نرم افزار بین المللی خمینی قزوین,205,252,181,235,15.27,0.00,0.00,30.00,-1.66,33.33,25.00,"1,922","2,293","1,780","2,174",17.00,15.00,17.56,15.22
1404,5,-,212,198,219,195,16.80,0.00,0.00,16.67,23.33,11.67,20.00,"1,993","1,817","2,040","1,835",14.56,15.11,14.00,14.78
1404,5,-,214,188,171,156,15.47,17.33,8.33,6.67,35.00,26.67,1.67,"2,002","1,722","1,662","1,525",15.93,16.82,17.60,18.16
1404,5,-,216,206,249,244,17.28,68.00,0.00,30.00,1.67,-1.66,23.33,"2,019","1,874","2,275","2,225",14.76,15.42,13.09,13.31
1404,5,-,217,189,211,194,14.73,6.67,10.00,26.67,21.67,13.33,15.00,"2,020","1,725","1,977","1,817",16.33,17.67,16.22,16.78
1404,5,نرم افزار لرستان,227,297,287,293,18.78,40.00,0.00,0.00,0.00,0.00,35.00,"2,111","2,640","2,598","2,606",12.00,9.67,9.67,9.67
1404,5,-,229,228,232,248,17.32,40.00,5.00,30.00,0.00,10.00,18.33,"2,115","2,059","2,151","2,280",14.22,14.33,13.67,13.00
1404,5,قران کاوی رایانشی شهید بهشتی,238,241,263,255,17.87,0.00,-1.66,20.00,10.00,5.00,26.67,"2,196","2,160","2,428","2,325",12.56,12.45,11.11,11.45
1404,5,-,241,246,240,247,15.81,88.00,0.00,16.67,5.00,10.00,16.67,"2,208","2,210","2,201","2,248",15.53,15.20,15.09,14.76
1404,5,,262,274,279,288,16.90,9.33,5.00,13.33,8.33,8.33,23.33,"2,375","2,509","2,547","2,527",12.62,11.95,11.62,11.62
1404,5,هوش مصنوعی بین المللی خمینی قزوین,267,230,253,231,16.39,26.67,0.00,16.67,21.67,10.00,11.67,"2,418","2,071","2,331","2,115",13.45,14.56,13.34,14.11
1404,5,هوش مصنوعی شهرکرد,268,323,327,318,16.34,17.33,11.67,3.33,3.33,3.33,30.00,"2,420","2,861","2,845","2,831",12.49,10.71,10.71,10.71
1404,5,-,276,289,201,240,18.65,40.00,6.67,10.00,5.00,31.67,-1.66,"2,455","2,597","1,881","2,201",11.78,10.78,14.00,12.22
1404,5,-,280,238,283,263,14.06,14.67,0.00,30.00,16.67,8.33,20.00,"2,470","2,138","2,573","2,384",15.31,16.53,14.53,15.09
1404,5,علم و داده دانشگاه شیراز,316,370,335,339,15.52,32.00,3.33,0.00,6.67,10.00,25.00,"2,750","3,292","2,977","3,027",12.58,10.69,11.58,11.36
1404,5,نرم افزار مالک اشتر (سهمیه شاگرد اولی),321,229,320,294,17.00,28.00,-1.66,40.00,8.33,0.00,6.67,"2,811","2,064","2,788","2,613",10.42,13.20,9.98,10.53
1404,5,-,328,231,276,254,19.76,0.00,-1.66,30.00,18.33,8.33,0.00,"2,861","2,077","2,527","2,318",9.11,11.78,9.67,10.33
1404,5,-,337,384,239,314,18.51,0.00,10.00,10.00,0.00,36.67,0.00,"2,980","3,449","2,192","2,800",10.00,8.22,12.45,10.00
1404,5,-,366,367,429,391,16.19,8.00,1.67,10.00,10.00,0.00,23.33,"3,294","3,275","3,786","3,484",10.31,10.09,8.76,9.42
1404,5,-,377,487,444,468,17.29,10.67,-1.66,0.00,0.00,5.00,28.33,"3,367","4,325","3,922","4,137",9.04,6.82,7.49,7.16
1404,5,هوش مصنوعی گیلان-رشت,395,294,336,344,17.08,0.00,-1.66,40.00,10.00,15.00,0.00,"3,571","2,632","2,983","3,051",10.11,12.45,11.11,10.78
1404,5,-,397,438,457,434,17.83,25.00,0.00,0.00,6.67,0.00,20.00,"3,582","3,812","4,015","3,778",8.33,7.45,7.00,7.45
1404,5,-,400,480,401,441,17.07,52.00,5.00,-3.32,0.00,8.33,15.00,"3,601","4,266","3,580","3,857",9.36,7.58,8.91,8.36
1404,5,هوش مصنوعی سمنان,401,293,404,361,17.38,74.67,0.00,23.33,10.00,-6.66,3.33,"3,605","2,631","3,599","3,170",9.64,12.09,8.98,10.09
1404,5,-,422,605,578,605,17.00,6.67,-3.32,0.00,-3.32,0.00,35.00,"3,789","5,221","5,012","5,181",8.67,6.12,6.34,6.12
1404,5,هوش مصنوعی یزد,456,443,561,489,14.96,0.00,0.00,13.33,10.00,-3.32,25.00,"3,979","3,854","4,888","4,349",9.78,9.89,7.89,8.78
1404,5,-,468,455,494,490,17.82,45.33,0.00,10.00,0.00,0.00,13.33,"4,059","4,043","4,315","4,357",7.91,7.69,7.02,7.02
1404,5,هوش مصنوعی شیراز خودگردان,469,531,554,573,16.49,28.00,-1.66,6.67,-1.66,0.00,23.33,"4,086","4,693","4,824","4,931",8.42,7.20,6.87,6.76
1404,5,-,485,538,492,535,15.52,4.00,-1.66,10.00,3.33,11.67,18.33,"4,218","4,764","4,292","4,641",9.27,8.16,8.82,8.27
1404,5,هوش مصنوعی علوم پایه زنجان,492,485,566,527,16.51,20.00,-5.00,6.67,6.67,-1.66,20.00,"4,246","4,314","4,931","4,604",7.89,7.56,6.45,7.00
1404,5,معماری تبریز,503,427,471,472,16.87,25.33,0.00,20.00,5.00,6.67,6.67,"4,337","3,781","4,110","4,163",8.47,9.25,8.47,8.36
1404,5,-,536,422,451,393,14.12,44.00,10.00,0.00,21.67,8.33,-1.66,"4,598","3,767","3,978","3,503",9.82,10.82,10.49,11.38
1404,5,-,585,523,590,556,15.32,0.00,0.00,10.00,11.67,5.00,13.33,"4,962","4,638","5,114","4,773",8.22,8.44,7.67,8.11
1404,5,هوش مصنوعی کاشان,588,451,566,555,19.27,30.67,0.00,20.00,1.67,-3.32,3.33,"4,969","3,961","4,931","4,767",5.27,6.71,4.83,5.16
1404,5,-,616,513,537,573,20.00,17.33,0.00,16.67,0.00,5.00,0.00,"5,239","4,522","4,678","4,931",4.38,5.16,4.71,4.38
1404,5,-,634,569,638,599,16.43,14.67,15.00,3.33,6.67,-1.66,6.67,"5,450","4,979","5,565","5,145",6.20,6.54,5.65,6.20
1404,5,هوش مصنوعی یزد نوبت دوم,673,755,711,721,15.56,65.33,5.00,-3.32,0.00,0.00,10.00,"5,808","6,445","6,154","6,198",7.25,6.36,6.58,6.58
1404,5,هوش مصنوعی غیر انتفاعی خاتم,673,"1,125",765,871,17.00,0.00,0.00,-13.32,-1.66,11.67,25.00,"5,807","9,549","6,539","7,494",6.89,3.45,6.00,5.12
1404,5,-,719,513,759,642,14.64,8.00,3.33,20.00,13.33,-3.32,6.67,"6,190","4,522","6,499","5,477",7.42,9.42,6.76,7.87
1404,5,-,890,963,701,807,17.60,0.00,-1.66,0.00,3.33,16.67,0.00,"7,554","8,227","6,067","6,929",3.78,2.89,4.89,4.00
1404,25,هوش مصنوعی شریف,1,2,1,1,18.54,0.00,15.00,40.00,66.67,55.00,45.00,72,71,71,57,43.67,44.11,44.33,45.11
1404,25,هوش مصنوعی شریف,4,4,4,4,16.90,34.67,5.00,100.00,31.67,18.33,46.67,205,133,269,225,38.76,43.20,36.87,37.76
1404,25,هوش مصنوعی فردوسی مشهد,11,12,14,14,17.00,25.33,15.00,36.67,18.33,18.33,28.33,946,880,998,959,23.46,24.02,22.80,22.80
1404,25,-,42,44,44,42,13.81,0.00,25.00,3.33,15.00,-1.66,30.00,"2,278","2,406","2,756","2,417",14.45,13.78,12.33,13.45
1404,25,الگوریتم تهران نوبت دوم,51,45,61,49,17.97,25.33,5.00,16.67,13.33,-11.66,16.67,"2,992","2,464","3,507","2,904",9.36,11.02,7.47,9.13
1404,25,نرم افزار صنعتی اصفهان,52,47,58,47,17.17,28.00,6.67,16.67,13.33,-5.00,13.33,"3,037","2,547","3,308","2,874",10.20,11.64,8.98,10.20
1404,25,-,180,148,161,168,17.45,6.67,0.00,20.00,0.00,1.67,0.00,"8,514","6,892","8,012","8,171",3.45,4.67,3.56,3.45